emp_no,first_name,last_name,birth_date,from_date,to_date,title,
10095,Hilari,Morton,1/3/65,3/10/94,1/1/99,Senior Staff,
10122,Ohad,Esposito,1/19/65,8/6/98,1/1/99,Technique Leader,
10291,Dipayan,Seghrouchni,1/23/65,3/30/87,1/1/99,Senior Staff,
10410,Takahito,Gecsei,1/19/65,10/16/93,7/21/96,Staff,
10476,Kokou,Iisaka,1/1/65,9/20/87,1/1/99,Senior Staff,
10480,Make,Baba,1/25/65,5/18/88,6/3/89,Staff,
10663,Teunis,Noriega,1/9/65,2/12/99,1/1/99,Technique Leader,
10762,Lech,Himler,1/19/65,1/21/92,1/1/99,Senior Staff,
10933,Juyoung,Seghrouchni,1/24/65,8/2/93,1/1/99,Senior Engineer,
11015,Jeanna,Riesenhuber,1/24/65,3/14/98,2/22/00,Senior Staff,
11126,Hideo,Daescu,1/8/65,2/25/92,4/4/02,Senior Staff,
11157,Mario,Cochrane,2/1/65,3/30/85,2/6/91,Engineer,
11432,Yongmao,Zwicker,1/15/65,10/19/87,9/13/97,Engineer,
12155,Keiichiro,Glinert,1/21/65,9/16/93,1/1/99,Engineer,
12408,Rasiah,Sudkamp,1/10/65,4/18/95,1/1/99,Senior Engineer,
12643,Morrie,Schurmann,1/30/65,12/31/98,1/1/99,Staff,
13499,Kazuhiko,Sidou,1/16/65,9/1/91,1/1/99,Technique Leader,
13957,Angus,Chelton,1/10/65,4/18/86,2/2/87,Senior Engineer,
14075,Denny,Tchuente,1/3/65,5/30/91,1/1/99,Assistant Engineer,
14104,Sudhanshu,Demian,1/3/65,7/23/94,1/1/99,Senior Staff,
14127,Magdalena,Cannard,1/10/65,4/22/94,1/1/99,Engineer,
14158,Caolyn,Setiz,1/22/65,2/6/90,1/1/99,Senior Staff,
14476,Sastry,Marrevee,1/19/65,9/25/99,1/1/99,Engineer,
14551,Richard,Sinitsyn,1/18/65,6/27/93,9/16/93,Senior Staff,
14907,Nakhoon,Luga,1/14/65,12/18/86,1/1/99,Senior Staff,
15050,Nikolaos,Kruskal,1/18/65,12/17/90,1/1/99,Engineer,
15058,Bouchung,Bugrara,1/30/65,6/18/90,1/1/99,Senior Staff,
15376,Geoff,Soicher,1/10/65,8/14/88,3/1/01,Senior Staff,
15413,Arvin,Rabejac,1/17/65,1/1/94,1/1/99,Engineer,
16461,Remmert,Schahn,1/14/65,9/6/86,1/1/99,Senior Staff,
16528,Gaurav,Swick,1/21/65,5/7/96,1/1/99,Assistant Engineer,
17013,Morris,Garigliano,1/15/65,5/24/95,1/1/99,Senior Staff,
17206,Berry,DeMori,1/2/65,12/27/92,1/1/99,Engineer,
17369,Yaghout,Kenevan,1/31/65,9/15/00,1/1/99,Engineer,
17447,Zengping,Boreale,1/11/65,12/16/98,1/1/99,Staff,
17618,Teiji,Picco,1/12/65,9/17/92,11/8/99,Staff,
17731,Gennady,Roison,1/16/65,12/6/89,1/1/99,Assistant Engineer,
17799,Gro,Gini,1/28/65,9/28/97,7/11/01,Engineer,
17970,Filipp,Carrere,1/6/65,1/9/89,1/1/99,Technique Leader,
17988,Mabhin,Calkin,1/31/65,11/30/89,1/1/99,Engineer,
18021,Adil,Matzke,1/7/65,5/8/87,1/1/99,Engineer,
18187,Denis,Falster,1/8/65,12/21/98,6/3/99,Staff,
18424,Filipp,Rousseau,1/19/65,6/7/95,1/1/99,Engineer,
18583,Stafford,Honglei,1/3/65,8/16/98,1/1/99,Staff,
18617,Surveyors,Crouzet,1/21/65,4/24/89,1/1/99,Senior Staff,
18810,Taiji,Jarecki,1/9/65,6/27/91,1/1/99,Engineer,
19236,Elzbieta,Morris,1/24/65,7/12/88,1/1/99,Engineer,
19350,Satoru,Yoshizawa,1/19/65,3/27/94,1/1/99,Senior Staff,
19803,Ziva,Kowalchuk,1/30/65,6/13/87,1/1/99,Engineer,
20100,Utz,Heuter,1/18/65,6/15/86,1/1/99,Senior Staff,
20128,Kazunori,Peak,1/23/65,8/13/99,1/1/99,Senior Staff,
20129,Rafael,Skafidas,1/10/65,3/28/91,1/1/99,Engineer,
20248,Vidar,Demri,1/12/65,12/31/99,1/1/99,Staff,
20313,Candida,Benveniste,1/24/65,1/20/99,1/1/99,Engineer,
20500,Christoph,Trystram,1/30/65,10/15/93,1/1/99,Senior Staff,
20712,Valeri,Escriba,1/26/65,4/9/94,5/2/98,Engineer,
20720,Heejo,Brodie,1/17/65,12/27/96,5/17/97,Senior Staff,
20885,Otmar,Rothenberg,1/21/65,3/14/89,1/1/99,Engineer,
21181,Jianhui,Cangellaris,1/21/65,10/6/91,1/1/99,Assistant Engineer,
21188,Piyush,Danecki,1/21/65,1/8/00,1/1/99,Engineer,
21534,Alagu,Luders,1/12/65,4/3/96,12/14/97,Staff,
21546,Yongmin,Lanteri,1/1/65,3/19/02,1/1/99,Senior Staff,
21843,Karsten,Azadmanesh,1/9/65,11/29/85,1/1/99,Senior Engineer,
21909,Mohammed,Brizzi,1/4/65,12/28/91,1/1/99,Senior Staff,
22027,Sangeeta,Georg,1/27/65,7/31/92,3/14/98,Staff,
22185,Huai,Birch,1/29/65,6/12/02,1/1/99,Assistant Engineer,
22415,Perla,Jumpertz,1/20/65,8/24/94,1/1/99,Senior Staff,
22451,Jasminko,Bresenham,1/27/65,1/19/94,1/1/99,Senior Staff,
22455,Barry,Unno,1/6/65,11/16/90,1/1/99,Senior Staff,
22502,Rutger,Binkley,1/29/65,10/16/89,11/2/01,Senior Engineer,
22926,Manibrata,Genther,1/1/65,1/15/88,1/1/99,Engineer,
23396,Hilari,Fairtlough,1/2/65,12/15/86,1/1/99,Technique Leader,
24080,Jaana,Perez,1/26/65,3/11/96,1/1/99,Technique Leader,
24189,Abdelaziz,Atrawala,1/16/65,3/28/93,2/23/97,Staff,
24205,Roddy,Rubsam,1/25/65,9/19/93,1/1/99,Senior Engineer,
24377,Lubomir,Wroclawski,1/25/65,7/25/93,1/1/99,Engineer,
24394,Zhonghui,Conta,1/4/65,9/10/94,1/1/99,Staff,
24421,Dannz,Grospietsch,1/10/65,9/1/90,10/12/00,Senior Engineer,
24553,Anwar,Passafiume,1/12/65,1/30/87,1/1/99,Senior Staff,
24571,Cordelia,Gischer,1/20/65,3/14/89,1/1/99,Engineer,
25488,Ingmar,Basawa,1/19/65,11/9/91,1/1/99,Senior Staff,
26476,Bilhanan,Karcich,1/19/65,4/9/96,2/4/97,Staff,
26503,Shietung,Billingsley,1/27/65,11/7/98,12/2/98,Senior Staff,
26617,Berto,Bruckman,1/6/65,11/23/91,3/27/94,Engineer,
26629,Nevin,Rodham,1/28/65,12/14/98,1/1/99,Senior Staff,
26671,Jiakeng,Kalorkoti,1/21/65,12/25/94,1/1/99,Engineer,
26788,Zongyan,Dalphin,1/25/65,4/23/88,1/1/99,Engineer,
27150,Chenyi,Plump,1/6/65,6/23/92,5/22/95,Staff,
27331,Wanqing,Krohm,1/19/65,1/22/91,1/1/99,Senior Staff,
27378,Piyawadee,Leppanen,1/28/65,2/25/99,1/1/99,Senior Staff,
27620,Shuji,Kandlur,1/25/65,3/2/90,1/1/99,Engineer,
27686,Manu,Rosiles,1/28/65,3/3/98,1/1/99,Senior Staff,
27699,Falguni,Pezzoli,1/15/65,12/23/96,1/1/99,Engineer,
27767,Tooru,Veldwijk,1/27/65,11/21/93,1/1/99,Senior Staff,
27970,KayLiang,Miyakawa,1/12/65,11/22/95,2/7/00,Technique Leader,
28193,Xinglin,Mitsuhashi,1/29/65,12/14/88,1/1/99,Engineer,
28222,Mayuko,Vitiello,1/11/65,12/22/93,10/16/95,Technique Leader,
28974,Chenxi,Sundgren,1/9/65,9/2/86,1/1/99,Senior Engineer,
28988,Tua,Giveon,1/18/65,9/9/98,1/1/99,Technique Leader,
29130,Xumin,Thorensen,1/6/65,4/26/98,1/1/99,Staff,
29265,Gilbert,Calkin,1/14/65,3/21/88,1/1/99,Senior Staff,
29380,Satoru,Vidal,1/30/65,5/2/98,1/1/99,Assistant Engineer,
29418,Valery,Mersereau,1/22/65,7/1/98,1/1/99,Assistant Engineer,
29679,Kolar,Steenbeek,1/17/65,10/18/86,1/1/99,Senior Engineer,
29782,Jouko,Hellwagner,1/29/65,10/23/00,1/1/99,Senior Engineer,
29954,Pranay,Giarratana,1/27/65,9/29/92,1/1/99,Senior Engineer,
30007,Kousuke,Vecchio,1/24/65,2/23/90,1/1/99,Engineer,
30035,Tetsushi,Conta,1/8/65,7/4/95,1/1/99,Senior Staff,
30154,Mayuko,Skafidas,1/26/65,4/19/99,1/1/99,Technique Leader,
30182,Leon,Potthoff,1/26/65,12/8/85,1/1/99,Engineer,
30465,Randi,Avouris,1/28/65,7/16/86,1/1/99,Engineer,
30484,Sailaja,Chvatal,1/11/65,5/18/99,1/1/99,Staff,
30552,Yishai,Terlouw,1/18/65,9/19/86,1/7/99,Engineer,
30695,Gudjon,Majewski,1/8/65,10/26/99,1/1/99,Senior Engineer,
30938,Yakkov,Samarati,1/6/65,10/10/97,1/1/99,Senior Staff,
31147,Divine,Sidhu,1/4/65,7/5/89,1/1/99,Senior Staff,
31170,Tuval,Waleschkowski,1/8/65,10/16/87,12/14/88,Senior Staff,
31188,Leandro,Gist,1/12/65,2/3/93,1/1/99,Technique Leader,
31207,Abdelwaheb,Dulin,1/30/65,8/5/93,1/1/99,Senior Engineer,
31341,Oksana,Zultner,1/1/65,3/23/91,1/1/99,Senior Staff,
31514,Harngdar,Schapire,1/13/65,11/9/96,1/1/99,Engineer,
31568,Mark,Lalonde,1/10/65,11/24/96,1/1/99,Staff,
31599,Qingxiang,Gewali,1/5/65,9/22/97,12/1/98,Engineer,
31629,Toong,Veldwijk,1/24/65,7/28/86,4/26/96,Assistant Engineer,
31909,Murthy,Peek,1/10/65,10/30/00,1/1/99,Engineer,
32347,Terresa,Peres,1/8/65,9/15/90,1/1/99,Senior Staff,
32552,Atreye,Stanger,1/17/65,9/10/93,1/1/99,Assistant Engineer,
32622,Piyush,Paciorek,1/23/65,4/7/91,7/18/91,Staff,
32649,Ingmar,Nannarelli,1/12/65,6/10/88,1/1/99,Senior Staff,
32714,Radoslaw,Maliniak,1/16/65,9/18/01,1/1/99,Staff,
32844,Tadahiko,Melton,1/23/65,1/7/95,1/1/99,Engineer,
33025,Jessie,Thorelli,1/12/65,12/16/99,1/1/99,Senior Staff,
33215,Steen,Fasbender,1/29/65,2/14/93,1/1/99,Technique Leader,
33293,Adamantios,Vanwelkenhuysen,2/1/65,1/11/94,8/18/00,Assistant Engineer,
33606,Clyde,Swift,1/2/65,11/14/94,12/29/96,Staff,
33722,Anwar,Collette,1/15/65,3/22/94,2/3/01,Senior Engineer,
34077,Angel,Sichman,1/8/65,11/16/88,1/1/99,Senior Staff,
34261,Kyoichi,Callaway,1/5/65,12/30/90,1/1/99,Senior Staff,
34446,Chinhyun,Bauknecht,1/31/65,12/19/86,1/1/99,Senior Engineer,
34452,Naftaly,Foong,1/8/65,5/10/91,1/1/99,Engineer,
34505,Felicidad,Kumaresan,1/28/65,9/6/94,1/1/99,Senior Staff,
34533,Erzsebet,Shigei,1/10/65,1/21/91,1/16/95,Senior Engineer,
34780,Moni,Kohling,1/16/65,7/21/94,9/18/01,Staff,
34788,Ennio,Babu,1/27/65,8/31/94,1/1/99,Senior Engineer,
34936,Bokyung,Stamatiou,1/12/65,2/12/91,1/1/99,Technique Leader,
35044,Jiang,Waschkowski,1/4/65,5/27/89,1/1/99,Engineer,
35087,Leif,Ashish,1/17/65,10/14/94,1/1/99,Senior Staff,
35441,Chandrasekaran,Peek,1/31/65,2/7/88,9/17/90,Engineer,
35642,Ashish,Talmon,1/30/65,6/13/95,2/28/99,Engineer,
35793,Oscar,Kusalik,1/1/65,5/11/91,1/1/99,Senior Staff,
35798,Ulf,Oberman,1/29/65,3/15/97,1/1/99,Senior Engineer,
36521,Serif,Gladwell,1/21/65,3/6/87,1/1/99,Senior Staff,
36626,Fen,Genin,1/2/65,5/9/86,1/1/99,Senior Staff,
36733,Uma,Reinhard,1/4/65,11/1/97,1/1/99,Staff,
36844,Hailing,Levergood,1/1/65,1/12/00,1/1/99,Staff,
36982,Kotesh,Rajala,1/22/65,6/23/92,1/1/99,Engineer,
37070,Jeong,Undy,1/22/65,2/13/85,1/1/99,Senior Staff,
37592,Berni,Stranks,2/1/65,11/5/85,9/19/92,Engineer,
37719,Nakhoon,Buescher,1/31/65,6/12/88,1/17/99,Assistant Engineer,
37945,Suzette,Butterworth,1/2/65,2/19/94,1/1/99,Senior Engineer,
38017,Ulf,Himler,1/24/65,1/2/94,8/5/95,Staff,
38043,Michaela,Randi,1/5/65,11/23/85,1/1/99,Engineer,
38103,Masasuke,Babu,1/12/65,3/31/88,1/1/99,Engineer,
38168,Fumiko,Deverell,1/14/65,8/15/87,1/1/99,Senior Staff,
38550,JoAnne,Baez,1/14/65,2/16/87,1/1/99,Senior Engineer,
38593,Huei,Orsini,1/14/65,6/4/86,1/1/99,Engineer,
38947,Shuichi,Ruemmler,1/25/65,4/8/98,1/1/99,Senior Staff,
39000,Martijn,Vendrig,1/8/65,3/3/97,1/1/99,Senior Staff,
39036,Changho,Cappelli,1/8/65,5/4/96,1/1/99,Staff,
39268,Constantijn,Awdeh,1/10/65,10/20/87,6/10/90,Engineer,
39301,Rimon,Kawashima,1/7/65,2/6/92,1/1/99,Senior Staff,
39341,Mahmut,Lampe,1/1/65,5/11/85,1/1/99,Engineer,
39952,Otmar,Sudbeck,1/2/65,7/22/98,1/1/99,Staff,
40269,Toshiki,Ghazalie,1/10/65,12/5/91,1/1/99,Senior Staff,
40283,Sudhanshu,Boissier,1/7/65,5/11/85,1/1/99,Engineer,
40301,Spyrose,Felder,1/20/65,6/16/96,10/20/97,Senior Engineer,
40536,Harngdar,Bernardinello,1/20/65,2/29/88,1/1/99,Engineer,
40648,Wayne,Erev,1/23/65,9/19/90,2/2/93,Staff,
40765,Michaela,Ramsak,1/1/65,12/21/92,1/1/99,Senior Staff,
40773,Shimshon,Aingworth,1/9/65,4/13/86,1/1/99,Senior Staff,
40785,Youpyo,Castellani,1/31/65,9/4/98,10/14/99,Engineer,
40983,Marla,Cherinka,1/17/65,12/1/86,1/1/99,Technique Leader,
41114,Petter,Thummel,1/25/65,12/24/95,1/1/99,Technique Leader,
41137,Bikash,Buchter,1/20/65,11/23/87,1/8/96,Senior Staff,
41357,Willard,Vernadat,1/6/65,3/4/97,1/1/99,Engineer,
41518,Keung,Schapiro,1/11/65,2/8/01,1/1/99,Senior Engineer,
41520,Xiong,Uhrik,1/20/65,3/21/88,1/1/99,Senior Engineer,
41552,Uno,Heyers,1/3/65,9/28/90,11/29/01,Engineer,
41609,Yucai,Simmen,1/4/65,10/13/87,1/1/99,Senior Staff,
42778,Shuji,Remmers,1/19/65,12/18/87,1/1/99,Senior Staff,
42911,Brigham,Eterovic,1/29/65,10/8/94,1/1/99,Engineer,
42950,Shaleah,Eickenmeyer,1/22/65,10/9/93,1/1/99,Senior Staff,
42955,Yucel,Lortz,1/12/65,2/21/95,1/1/99,Engineer,
43154,Maha,Waterhouse,1/13/65,7/4/97,1/1/99,Senior Staff,
43358,Ottavia,Mitsuhashi,1/7/65,8/18/89,7/13/96,Staff,
43733,Huei,Boguraev,1/26/65,12/31/93,1/1/99,Senior Staff,
43848,Phillip,Oxenboll,1/11/65,5/26/99,1/1/99,Engineer,
44054,Alenka,Ritcey,1/18/65,2/9/97,1/1/99,Engineer,
44265,Maria,Eppinger,1/24/65,1/30/97,1/1/99,Engineer,
44540,Mingzeng,Sadowski,1/16/65,11/12/89,1/1/99,Senior Engineer,
44900,Mark,Schwaller,1/5/65,8/10/94,1/1/99,Senior Staff,
44959,Volkmar,Uhrik,1/21/65,1/16/88,1/1/99,Engineer,
44962,Sariel,Wynblatt,1/16/65,5/18/96,1/1/99,Assistant Engineer,
45162,Dulce,Speel,1/11/65,10/19/87,1/1/99,Engineer,
45590,Masoud,Genin,1/21/65,2/16/91,6/1/94,Technique Leader,
46000,Zhaofang,Penn,1/26/65,7/24/97,1/1/99,Senior Staff,
46015,Weiye,Masand,1/19/65,7/24/95,1/29/02,Staff,
46222,Mrinalini,Strooper,1/20/65,3/5/90,9/4/92,Staff,
46328,Wuxu,Trogemann,1/5/65,1/27/97,1/1/99,Senior Staff,
46531,Yaghout,Peng,1/30/65,10/2/95,10/7/97,Assistant Engineer,
46811,Junsik,Berendt,1/10/65,4/27/88,1/1/99,Senior Engineer,
46834,Tooru,Daescu,1/22/65,3/20/98,1/1/99,Senior Staff,
46943,Pasqua,Maraist,1/31/65,12/6/93,1/1/99,Engineer,
47016,Toong,Litecky,1/3/65,3/1/89,1/1/99,Senior Staff,
47139,Marco,Usdin,1/25/65,10/29/96,1/1/99,Engineer,
47262,Gonzalo,Binkley,1/10/65,8/16/85,1/1/99,Engineer,
47515,Naraig,Jenevein,1/26/65,1/18/87,1/1/99,Senior Engineer,
47702,Juyoung,Vieri,1/21/65,8/12/91,1/1/99,Senior Staff,
47708,Edwin,Haldar,1/5/65,7/12/95,1/1/99,Senior Staff,
48275,Sariel,Massonet,1/29/65,11/20/87,1/1/99,Senior Staff,
48690,Hitomi,Schaap,1/12/65,9/27/99,1/1/99,Staff,
48882,Leen,Lamparter,1/28/65,6/7/93,1/1/99,Engineer,
48904,Yuichiro,Malabarba,1/23/65,3/7/94,1/1/99,Senior Staff,
48947,Filipp,Akaboshi,1/5/65,5/20/92,1/1/99,Senior Staff,
49010,Kazuhisa,Benantar,1/16/65,3/30/90,1/1/99,Senior Staff,
49017,Filipp,Flanders,1/7/65,11/26/90,1/1/99,Engineer,
49119,Lena,Peek,1/9/65,5/16/91,1/1/99,Engineer,
49177,Tze,Bach,1/3/65,3/9/99,1/1/99,Engineer,
49464,Siddarth,Cappelletti,1/14/65,9/10/99,1/1/99,Staff,
49477,Baocai,Leaver,1/14/65,8/5/98,1/1/99,Senior Staff,
50293,Xinan,Rindone,1/26/65,10/8/96,1/1/99,Engineer,
50311,Mooi,Stafford,1/24/65,10/6/96,1/1/99,Senior Engineer,
50360,Sumali,Kushner,1/18/65,10/30/99,10/29/01,Engineer,
50453,Aron,Harbusch,1/12/65,10/2/97,1/1/99,Staff,
50587,Slavian,Yemenis,1/26/65,8/6/93,11/18/94,Technique Leader,
50670,Boguslaw,Snedden,1/30/65,2/20/85,1/1/99,Senior Staff,
50831,Marie,Khalid,1/6/65,6/11/96,1/1/99,Senior Engineer,
51036,Chriss,Fasbender,1/29/65,5/23/95,1/1/99,Staff,
51057,Theirry,Albarhamtoshy,1/29/65,9/27/91,1/1/99,Senior Staff,
51060,Youngkon,Rohrbach,1/15/65,10/20/89,1/1/99,Engineer,
51118,Fumiko,Mundy,1/17/65,9/22/98,8/20/01,Staff,
51142,Rosine,Lakshmanan,1/29/65,1/31/86,1/1/99,Engineer,
51502,Slavian,Munawer,1/29/65,8/6/99,9/4/01,Senior Staff,
51868,Remmert,Munke,1/19/65,9/22/91,5/19/98,Assistant Engineer,
52038,Chikako,Armand,1/13/65,5/18/85,1/1/99,Senior Engineer,
52040,Phule,Heijenga,1/14/65,12/8/96,1/1/99,Senior Staff,
52283,Trygve,Krupka,1/20/65,3/11/94,1/1/99,Senior Staff,
52386,Adas,Denti,1/28/65,5/30/86,1/1/99,Senior Staff,
52590,Jouni,Munoz,1/21/65,10/7/96,1/1/99,Senior Staff,
52599,Augustine,Mungall,1/25/65,8/31/87,1/13/94,Engineer,
52639,Arup,Colorni,1/9/65,2/5/96,1/1/99,Senior Staff,
52770,Shugo,Yurek,1/31/65,8/28/92,1/1/99,Senior Staff,
52778,Alain,Penn,1/15/65,5/3/86,1/1/99,Technique Leader,
52956,Khalil,Picci,1/31/65,3/21/87,11/24/98,Engineer,
52970,Lobel,Werthner,1/22/65,3/17/88,1/1/99,Engineer,
53088,Mechthild,Lamma,1/25/65,5/19/86,6/3/93,Engineer,
53278,Premsyl,Lortz,1/31/65,2/1/93,1/1/99,Senior Staff,
53314,Eberhardt,Carrera,1/6/65,2/23/99,1/1/99,Staff,
53431,Sham,Vasanthakumar,1/12/65,10/24/85,5/24/93,Senior Staff,
53499,Zdislav,Mandelberg,1/20/65,9/11/94,1/1/99,Engineer,
53597,Jiafu,Marchegay,1/30/65,3/2/85,1/1/99,Engineer,
53746,Manu,Erva,1/21/65,3/17/89,4/29/93,Staff,
53874,Bodo,Schade,1/23/65,2/14/86,1/1/99,Senior Staff,
53891,Olivera,Pargaonkar,1/23/65,3/13/89,3/29/92,Staff,
53924,Arnould,Gaughan,1/27/65,1/23/91,1/1/99,Engineer,
54198,Shaowen,Segond,1/1/65,1/6/86,1/1/99,Engineer,
54632,Etsuo,Serot,1/19/65,6/14/89,1/1/99,Senior Staff,
54795,Sumant,Nergos,1/29/65,3/2/94,1/1/99,Senior Staff,
54800,Breannda,Cangellaris,1/13/65,1/27/00,1/1/99,Staff,
55121,Toshiko,Alblas,1/12/65,7/20/95,7/23/96,Engineer,
55640,Adit,Syrotiuk,1/25/65,7/16/93,1/1/99,Engineer,
55670,Ulf,Ranft,1/30/65,3/25/90,2/26/96,Senior Staff,
55687,Shih,Lindqvist,1/2/65,3/29/95,1/1/99,Senior Engineer,
55799,Jianwen,Litzler,1/23/65,6/17/87,1/1/99,Engineer,
55857,Adin,Scallan,1/18/65,9/15/87,1/1/99,Senior Staff,
56105,Makato,Remmers,1/11/65,4/16/89,1/1/99,Engineer,
56209,Remzi,Douceur,1/19/65,12/1/92,1/1/99,Engineer,
56415,Sigeru,Nivat,1/30/65,10/24/91,1/1/99,Senior Staff,
56428,Olivera,Hanabata,1/27/65,11/10/86,1/1/99,Senior Staff,
56682,Roded,Picco,1/28/65,11/6/93,1/1/99,Assistant Engineer,
56829,Nagui,Gruenwald,1/9/65,12/24/95,6/14/97,Engineer,
56847,Menkae,Chinin,1/14/65,8/19/89,8/27/98,Senior Engineer,
57934,Sanjoy,Boudaillier,1/25/65,12/27/89,1/1/99,Engineer,
57982,Paloma,Benzaken,1/29/65,10/17/89,9/11/98,Senior Staff,
58141,Bezalel,Karner,1/5/65,9/27/94,1/1/99,Staff,
58147,Shigenori,Sullins,1/9/65,2/24/88,1/1/99,Senior Staff,
58217,Kiyotoshi,Kusalik,1/30/65,11/19/98,6/26/99,Engineer,
58384,Mariusz,Vural,1/22/65,11/14/93,1/1/99,Engineer,
58454,Ziya,Zambonelli,1/25/65,6/29/99,1/1/99,Engineer,
58497,Yechiam,Cairo,1/22/65,10/21/00,1/1/99,Senior Staff,
58601,Sungwon,Asser,1/6/65,1/27/00,4/1/00,Staff,
58819,Gennady,Liesche,1/4/65,12/2/87,1/1/99,Senior Staff,
58990,Palash,Trelles,1/4/65,11/18/98,1/1/99,Engineer,
59195,Ronnie,Pollock,1/8/65,6/19/90,1/1/99,Technique Leader,
59329,Zissis,Bazzichi,1/15/65,2/7/87,1/25/91,Staff,
59640,Zita,Hiltgen,1/18/65,1/26/99,1/1/99,Staff,
59661,Saeko,Baik,1/9/65,10/11/97,8/15/99,Staff,
59869,Zsolt,Riefers,2/1/65,9/25/87,1/1/99,Senior Staff,
59966,Steen,Salvesen,1/28/65,2/3/93,1/1/99,Technique Leader,
60000,Heekeun,Emmart,1/16/65,9/23/95,1/1/99,Assistant Engineer,
60091,Surveyors,Bade,2/1/65,4/11/90,1/1/99,Senior Staff,
60238,Erzsebet,Claffy,1/23/65,2/19/99,1/1/99,Staff,
60559,Jeanna,Stemann,1/19/65,8/29/88,1/1/99,Engineer,
60821,Moty,Mersereau,1/2/65,9/3/91,1/1/99,Senior Staff,
60845,Bedir,Siegrist,1/14/65,5/13/97,1/1/99,Engineer,
60875,Rildo,Masaki,1/21/65,1/14/90,1/1/99,Engineer,
60959,Tetsushi,Sridhar,1/9/65,10/19/89,1/1/99,Senior Staff,
61147,Leszek,Werthner,1/30/65,3/3/99,1/1/99,Staff,
61253,Cheong,Uhrik,1/9/65,6/4/96,5/9/02,Engineer,
61377,Dannz,Ohori,1/1/65,4/13/97,1/1/99,Senior Staff,
61541,Kasidit,Papsdorf,1/8/65,8/17/93,1/1/99,Engineer,
61680,Hauke,Templeman,1/24/65,10/23/91,2/21/99,Staff,
61873,Woody,Rusmann,1/19/65,2/26/93,1/1/99,Assistant Engineer,
61983,Sastry,Reeken,1/18/65,7/24/90,5/17/92,Staff,
62033,Heeju,Cappelli,1/24/65,1/15/87,1/1/99,Engineer,
62046,Karlis,Nanard,1/31/65,9/19/92,1/1/99,Engineer,
62167,Mihalis,Haldar,1/25/65,5/11/98,2/3/01,Senior Engineer,
62245,Adel,Bressoud,1/1/65,8/30/95,1/1/99,Engineer,
62384,Akeel,Litzler,1/2/65,10/23/99,12/21/01,Senior Staff,
63294,Tetsushi,Tanemo,1/23/65,3/1/97,1/1/99,Engineer,
63419,Hiroyasu,Seuren,1/14/65,3/5/89,1/1/99,Senior Engineer,
63441,Hinrich,Scallan,1/15/65,4/4/99,1/1/99,Staff,
63444,Padma,Peres,1/19/65,2/20/85,12/22/94,Senior Staff,
63566,Heekeun,Slaats,1/31/65,1/12/99,1/1/99,Senior Staff,
63631,Falguni,Cherinka,1/22/65,9/8/86,10/15/87,Senior Engineer,
63706,Sedat,Itzigehl,1/26/65,7/31/97,1/1/99,Engineer,
64023,Laurentiu,Benzmuller,1/11/65,11/8/99,1/1/99,Senior Engineer,
64209,Golgen,Schoegge,1/24/65,2/26/88,1/1/99,Senior Staff,
64431,Faiza,Zongker,1/25/65,12/10/95,12/3/01,Technique Leader,
64487,Tsutomu,Rebaine,1/27/65,9/17/86,1/1/99,Engineer,
64532,Atilio,Segond,1/23/65,11/29/90,1/1/99,Engineer,
64632,Zsolt,Brender,1/7/65,2/21/96,1/1/99,Senior Staff,
64790,Shin,Piveteau,1/29/65,4/19/85,1/1/99,Engineer,
64828,Krister,Pappas,1/27/65,9/30/99,1/1/99,Staff,
64984,Eldridge,Eldridge,1/6/65,6/24/86,8/4/94,Engineer,
65013,Chandrasekaran,Peral,1/3/65,2/28/85,12/14/01,Engineer,
65171,Jeane,Tasistro,1/25/65,7/6/94,1/1/99,Technique Leader,
65539,Aksel,Picaronny,1/23/65,1/27/91,1/1/99,Engineer,
65883,Patricia,Pepe,1/7/65,4/19/91,1/1/99,Senior Staff,
65998,Mandell,Alameldin,1/9/65,4/8/89,1/1/99,Senior Staff,
66382,Domenico,Candan,1/4/65,7/13/97,1/1/99,Engineer,
66530,Dung,Leaver,1/29/65,4/4/98,1/1/99,Staff,
66643,Jianhao,Tomescu,1/18/65,8/26/96,1/1/99,Engineer,
66702,Deniz,Thibadeau,2/1/65,9/27/94,1/1/99,Engineer,
66757,Yonghong,Baig,1/16/65,4/10/99,1/1/99,Staff,
66807,Aiman,Rosaz,1/21/65,5/22/90,1/1/99,Engineer,
67320,Sadok,Lorys,1/18/65,5/10/87,1/1/99,Senior Staff,
67548,Fumitaka,Roohalamini,1/11/65,6/27/98,1/1/99,Staff,
67934,Aiman,Gargeya,1/7/65,3/7/85,1/1/99,Engineer,
68022,Kristinn,Pearson,1/12/65,5/7/95,6/26/99,Staff,
68168,Marl,Thiria,1/14/65,3/18/87,12/31/96,Senior Staff,
68263,Fumiko,Bodoff,1/16/65,12/19/91,7/11/93,Staff,
68416,Munenori,Debuse,1/27/65,11/8/90,1/1/99,Senior Engineer,
68608,Yucai,Seghrouchni,1/26/65,6/9/89,1/1/99,Engineer,
68633,Chinhyun,Rassart,1/28/65,7/29/93,1/1/99,Senior Engineer,
68648,Jaques,DiGiano,1/25/65,4/1/92,1/1/99,Technique Leader,
69052,Shietung,Shrader,1/26/65,8/5/95,1/1/99,Senior Staff,
69219,Shuky,Redmiles,1/9/65,11/19/94,1/1/99,Senior Staff,
69867,Miyeon,Rothe,1/22/65,4/9/91,1/1/99,Senior Staff,
69878,Chinya,Cooke,1/24/65,1/29/97,1/1/99,Engineer,
69936,Lalit,Unni,1/23/65,1/31/99,1/1/99,Assistant Engineer,
70469,Tru,Miyakawa,1/12/65,9/3/90,1/1/99,Senior Staff,
70780,Behnaam,Angelov,1/27/65,1/29/95,7/20/99,Assistant Engineer,
70990,Arumugam,Nitta,1/22/65,3/23/90,1/1/99,Senior Engineer,
71066,Domenick,Basart,1/27/65,1/5/96,1/1/99,Senior Staff,
71141,Sajjad,Vitiello,1/2/65,2/17/92,1/1/99,Senior Staff,
71188,Pranjal,Schapiro,1/2/65,12/14/86,1/1/99,Senior Staff,
71243,Kinh,Buchter,1/10/65,3/29/86,1/1/99,Engineer,
71334,Cathie,Peck,1/15/65,4/12/93,3/4/01,Engineer,
71685,Kristinn,Olano,1/1/65,10/3/89,1/1/99,Senior Engineer,
71710,Hitomi,Takanami,1/31/65,12/15/97,1/1/99,Assistant Engineer,
71745,Adil,Laventhal,1/2/65,5/13/92,1/1/99,Assistant Engineer,
72190,Sajjad,Waeselynck,1/19/65,9/13/99,1/1/99,Engineer,
72194,Feiyu,Siepmann,1/26/65,10/1/98,1/1/99,Senior Engineer,
72232,Naraig,Veldwijk,1/10/65,7/10/89,1/1/99,Engineer,
72640,Honglan,Hutton,1/24/65,10/4/93,1/1/99,Engineer,
72918,Takahira,Szilard,1/22/65,1/16/88,1/1/99,Senior Staff,
73076,Froduald,Feldhoffer,1/22/65,3/16/93,1/1/99,Senior Engineer,
73233,Shigeo,Merey,1/15/65,7/30/85,1/1/99,Senior Engineer,
73516,Qingxiang,Badache,1/14/65,6/25/89,1/1/99,Engineer,
73743,Anneke,Bernardeschi,1/15/65,11/1/99,10/15/00,Engineer,
73794,Aiichiro,Castellani,1/26/65,8/26/85,8/19/87,Engineer,
73903,Bartek,Cappello,1/29/65,7/28/88,1/2/93,Engineer,
74200,Holgard,Weiland,1/16/65,9/24/91,1/1/99,Senior Engineer,
74237,Jaihie,Vilarrasa,1/29/65,3/3/92,6/20/01,Assistant Engineer,
74344,Hiroyasu,Provine,2/1/65,11/25/94,1/1/99,Engineer,
74598,Kolar,Garigliano,1/7/65,5/10/92,3/7/99,Senior Staff,
74668,Masako,Bonifati,1/1/65,4/9/87,1/1/99,Senior Staff,
74800,Yuuichi,Conde,1/25/65,3/8/89,1/1/99,Assistant Engineer,
75113,Zissis,Birch,1/22/65,8/19/94,7/15/00,Engineer,
75354,Shuky,Jakobus,1/11/65,6/16/86,1/1/99,Engineer,
75420,Clyde,Vrecion,1/9/65,7/3/97,9/14/00,Engineer,
75703,Kyoichi,Erman,1/8/65,7/25/96,1/1/99,Engineer,
75760,Jahangir,Radhakrishnan,1/21/65,4/19/91,12/29/93,Technique Leader,
75888,Marsal,Otillio,1/31/65,1/23/94,9/16/99,Staff,
76178,Chiradeep,Meriste,1/19/65,5/23/88,6/25/97,Senior Engineer,
76189,Kolar,Hinsberger,1/2/65,10/20/86,1/1/99,Engineer,
76201,Arif,Preusig,1/10/65,4/2/92,1/1/99,Senior Engineer,
76417,Parviz,Duclos,1/31/65,12/27/89,12/31/93,Senior Engineer,
76598,Keung,Ferriere,1/24/65,5/13/91,10/8/95,Engineer,
76640,Tristan,Mitsuhashi,1/2/65,7/13/94,1/1/99,Engineer,
76847,Mariusz,Weiland,1/20/65,8/16/89,11/9/94,Senior Engineer,
77030,Faiza,Garnham,1/2/65,3/2/86,1/1/99,Technique Leader,
77157,Tesuro,Nicolson,1/14/65,6/1/96,10/20/99,Staff,
77303,Xinglin,Birge,1/18/65,3/5/92,1/1/99,Senior Staff,
77647,Niranjan,Schaaf,1/7/65,11/5/89,1/1/99,Technique Leader,
77815,Ronghao,Picaronny,1/21/65,6/9/93,1/1/99,Assistant Engineer,
78086,Fabrizio,Anick,1/20/65,12/16/97,5/2/98,Staff,
78106,Ashish,Ratnaker,1/9/65,1/17/00,1/1/99,Senior Staff,
78171,Teiji,Hinsberger,1/12/65,1/25/97,5/18/02,Senior Staff,
78363,Susumu,Fritzsche,1/3/65,6/23/98,1/1/99,Engineer,
78469,Leucio,Cappelli,1/28/65,8/22/97,1/1/99,Staff,
78871,Conor,Ghandeharizadeh,1/15/65,5/25/85,1/1/99,Senior Engineer,
79043,Katsuo,Hockney,1/24/65,11/7/99,1/1/99,Technique Leader,
79171,Guiseppe,Ellozy,1/19/65,1/12/91,1/1/99,Senior Engineer,
79190,Tsuneo,Servi,1/18/65,6/30/99,6/2/01,Staff,
79239,Denny,Griswold,1/7/65,5/18/89,11/19/01,Senior Engineer,
79310,Jeong,Cunliffe,1/24/65,10/27/96,1/1/99,Senior Staff,
79606,Arnd,Peir,1/3/65,12/11/86,1/1/99,Senior Engineer,
79640,Marl,Litzkow,1/26/65,10/12/91,10/22/93,Staff,
79722,Make,Remmers,1/17/65,8/7/97,8/8/98,Staff,
79763,Sanjoy,Barreiro,1/20/65,4/9/88,1/1/99,Senior Staff,
79895,Fei,Murtagh,1/30/65,1/19/86,1/1/99,Senior Staff,
80067,Kazuhisa,Weiland,1/19/65,11/9/85,1/1/99,Senior Staff,
80203,Shakhar,Baik,1/22/65,12/1/93,1/1/99,Staff,
80432,Stella,Figueira,1/17/65,3/14/90,1/1/99,Senior Staff,
80656,Kwan,Gide,1/9/65,6/24/98,7/1/01,Engineer,
80731,Shaowen,Eldridge,1/25/65,12/5/87,1/1/99,Senior Staff,
80745,Rimli,Huttel,1/9/65,12/14/89,11/29/96,Staff,
80850,Koldo,Luit,2/1/65,4/16/95,1/1/99,Engineer,
80889,Shigeo,Linnainmaa,1/7/65,7/30/85,1/1/99,Senior Engineer,
80948,Harjit,Bardell,1/27/65,5/24/91,1/1/99,Engineer,
81105,Jaewon,Boissier,1/14/65,5/24/92,1/1/99,Engineer,
81162,Marco,Klerer,1/28/65,11/1/93,2/28/95,Engineer,
81545,Larisa,Kornyak,1/13/65,2/7/00,1/1/99,Technique Leader,
81619,Gen,Aloisi,1/12/65,3/12/85,7/25/02,Engineer,
81644,Divine,Ghandeharizadeh,1/5/65,11/28/97,1/1/99,Staff,
81995,Sreekrishna,Brender,1/10/65,3/22/90,1/1/99,Engineer,
82069,Yechezkel,Perfilyeva,1/20/65,11/3/94,1/1/99,Engineer,
82098,Poornachandra,Wilharm,1/25/65,4/20/91,1/1/99,Engineer,
82351,Stevo,Thambidurai,1/26/65,10/27/89,1/1/99,Senior Staff,
82511,Uwe,Koblick,1/27/65,4/4/98,1/1/99,Engineer,
82919,Shigeu,Claffy,1/5/65,12/19/98,1/1/99,Engineer,
82928,Alselm,Rikino,1/27/65,11/16/90,1/1/99,Engineer,
83280,Francesca,Ellozy,1/7/65,8/8/99,1/1/99,Senior Engineer,
83289,Shigeichiro,Engelmann,1/9/65,1/9/94,1/1/99,Engineer,
83509,Breannda,Collavizza,1/4/65,10/12/89,1/1/99,Engineer,
83544,Leaf,Baak,1/18/65,9/5/94,1/1/99,Senior Staff,
83714,Ohad,Kilgore,1/27/65,7/1/90,10/10/00,Engineer,
83805,Manohar,Harllee,1/23/65,3/11/87,1/1/99,Senior Engineer,
83922,Shunichi,Solovay,1/10/65,6/7/86,11/18/98,Engineer,
83941,Zsolt,Hagimont,1/11/65,10/8/96,1/1/99,Senior Staff,
84029,Babette,Eugenio,1/27/65,9/21/97,1/1/99,Staff,
84163,Zejun,Roisin,1/11/65,5/26/97,1/16/02,Senior Staff,
84179,Shuichi,Nanard,1/25/65,3/14/89,1/1/99,Senior Engineer,
84236,Eberhardt,Barriga,1/18/65,6/4/87,1/1/99,Senior Staff,
84256,Denny,Cheshire,1/25/65,11/23/89,8/8/92,Staff,
84315,Kristina,Baumann,1/23/65,9/26/96,1/1/99,Assistant Engineer,
84451,Shiv,Aumann,1/20/65,6/14/98,1/1/99,Senior Engineer,
84494,Janalee,Loncour,1/2/65,4/12/86,9/4/87,Staff,
84508,Tommaso,Vidya,1/17/65,5/2/98,1/1/99,Engineer,
84840,Sverrir,Neimat,1/14/65,11/3/96,1/1/99,Staff,
84922,Parke,Unno,1/22/65,7/1/96,1/1/99,Engineer,
84942,Shin,Fujisaki,1/15/65,2/23/88,1/1/99,Technique Leader,
85216,Ferdinand,Rosiles,1/18/65,7/8/97,1/1/99,Senior Staff,
85288,Younwoo,Luders,1/6/65,3/31/95,12/8/98,Engineer,
85414,Chiradeep,Callaway,1/14/65,7/30/99,1/1/99,Staff,
85445,Yongdong,Pollock,1/9/65,3/17/98,1/1/99,Staff,
85702,Udi,Merks,1/4/65,8/15/97,1/1/99,Engineer,
85874,Pasqua,Taubman,1/30/65,6/23/86,1/1/99,Senior Staff,
86213,Kristine,Clemencon,1/28/65,6/1/93,1/1/99,Senior Staff,
86324,Maia,Berstel,1/14/65,7/17/88,9/29/97,Engineer,
86354,Ronghao,Segond,1/27/65,9/13/93,1/1/99,Senior Engineer,
86422,Jaewon,Thummel,2/1/65,9/14/85,1/1/99,Senior Staff,
86546,Oldrich,Woycyznski,1/9/65,5/15/85,1/1/99,Engineer,
86655,Zhenhua,Lorys,1/1/65,8/21/95,1/1/99,Engineer,
86672,JoAnne,Anido,1/15/65,9/15/95,1/1/99,Staff,
87129,Keung,Neiman,1/16/65,4/13/97,1/1/99,Staff,
87353,Quingbo,Coombs,1/7/65,1/17/99,1/1/99,Senior Engineer,
87458,Mikhail,Gimbel,1/26/65,12/22/93,4/29/99,Senior Staff,
87714,Khun,Janetzko,1/16/65,9/13/89,1/1/99,Assistant Engineer,
87729,Yongmin,Roccetti,1/24/65,12/10/86,1/1/99,Senior Staff,
87783,Conor,Thorensen,1/26/65,2/24/88,1/1/99,Senior Engineer,
88103,Goo,Bresenham,1/9/65,1/31/99,1/1/99,Senior Staff,
88357,Manohar,Karcich,1/5/65,8/7/98,8/22/00,Staff,
88411,Lena,Cannane,1/31/65,1/28/00,1/1/99,Engineer,
88422,Jungsoon,Birsak,1/28/65,4/3/85,1/1/99,Technique Leader,
88647,Vasiliy,Ratnaker,1/10/65,8/9/95,1/1/99,Engineer,
88958,Vojin,Coombs,1/22/65,7/23/95,1/1/99,Senior Staff,
88965,Mang,Hedayat,1/20/65,5/22/95,1/1/99,Engineer,
89048,Otmar,Birjandi,1/24/65,3/23/85,1/1/99,Engineer,
89090,Tetsushi,Theuretzbacher,1/26/65,2/1/90,1/1/99,Senior Staff,
89161,Conal,Yetto,1/7/65,1/12/91,1/1/99,Senior Staff,
89207,Along,Erol,1/15/65,10/16/92,1/1/99,Senior Staff,
89346,Mansur,Comyn,1/13/65,8/31/99,1/1/99,Engineer,
89487,Kazuhira,Seiwald,1/29/65,3/25/95,3/24/99,Engineer,
89590,Guther,Rothenberg,1/27/65,8/8/91,1/1/99,Senior Staff,
89664,Pranjal,Rossi,1/20/65,7/7/98,1/1/99,Staff,
89680,Aiman,Mawatari,1/27/65,5/1/88,1/1/99,Engineer,
89806,Xiadong,Shinomoto,1/27/65,5/24/97,1/1/99,Engineer,
89922,Alexius,Ibel,1/26/65,4/24/88,1/1/99,Engineer,
89941,Arnould,Weedman,1/23/65,7/28/89,1/1/99,Senior Staff,
90077,Vivian,Guerreiro,1/24/65,7/8/91,1/1/99,Assistant Engineer,
90084,Renny,Bale,1/1/65,11/22/89,1/1/99,Engineer,
90116,Brigham,Luiz,1/11/65,4/10/90,6/10/95,Assistant Engineer,
90211,Bader,Denis,1/15/65,10/6/97,1/1/99,Engineer,
90292,Koichi,Assaf,1/9/65,5/26/90,1/1/99,Engineer,
90366,Magy,Eiron,1/26/65,8/3/98,3/3/02,Senior Staff,
90518,Fumiko,Chepyzhov,1/24/65,1/28/88,1/1/99,Senior Staff,
90614,Yonghoan,Trogemann,1/29/65,9/23/88,1/1/99,Assistant Engineer,
90692,Rajmohan,DasSarma,1/3/65,9/14/85,1/1/99,Senior Staff,
91172,Kazuhisa,Melter,1/19/65,7/16/87,1/1/99,Senior Staff,
91182,Lucien,Schwartzburd,1/4/65,8/25/88,1/1/99,Engineer,
91229,Yahiko,Hebden,1/1/65,10/3/96,1/1/99,Engineer,
91256,Gunilla,Milicic,1/13/65,1/9/98,1/1/99,Staff,
91308,Remmert,Plumb,1/23/65,6/14/86,12/8/95,Engineer,
91333,Lobel,Stafford,1/27/65,11/29/98,1/1/99,Staff,
91415,Jamaludin,Nilsson,1/4/65,1/15/87,1/1/99,Senior Staff,
91462,Siamak,Janocha,1/11/65,8/26/97,3/21/98,Engineer,
91648,Dmitry,Msuda,1/29/65,10/22/88,1/1/99,Senior Staff,
91934,Nikolaus,Swen,1/3/65,1/28/00,7/3/02,Engineer,
91973,Jianwen,Jakobus,1/25/65,8/24/98,2/12/01,Senior Engineer,
92438,Aria,Kilgore,1/4/65,2/27/89,4/11/92,Engineer,
92443,Girolamo,Bellmore,1/1/65,12/4/96,4/27/00,Senior Staff,
92454,Visit,McFarlan,1/24/65,10/22/87,1/1/99,Engineer,
92577,Zhanqiu,Farrow,1/6/65,1/10/99,1/1/99,Assistant Engineer,
92598,Ranga,Merro,1/18/65,5/11/96,1/1/99,Assistant Engineer,
92577,Zhanqiu,Farrow,1/6/65,1/10/99,1/1/99,Assistant Engineer,
92598,Ranga,Merro,1/18/65,5/11/96,1/1/99,Assistant Engineer,
92685,Mang,Atchley,1/26/65,6/7/95,1/1/99,Senior Staff,
92841,Claude,Candan,1/22/65,8/4/93,1/1/99,Senior Staff,
92846,Anyuan,Kropatsch,1/11/65,9/5/86,1/1/99,Senior Staff,
92920,Huei,Hutter,1/20/65,1/28/93,1/1/99,Engineer,
93040,Jaques,Kabayashi,1/19/65,3/13/92,1/1/99,Senior Engineer,
93220,Richara,Walston,1/11/65,8/27/96,1/1/99,Senior Engineer,
93278,Magdalena,Penn,2/1/65,1/4/97,1/1/99,Engineer,
93549,Arie,Coullard,2/1/65,4/15/91,3/28/00,Senior Staff,
93600,Kristina,Neimat,1/13/65,4/18/88,1/1/99,Technique Leader,
93794,Rimli,Werthner,1/23/65,5/27/94,12/30/00,Engineer,
94045,Gift,Brender,1/19/65,10/31/96,1/2/00,Senior Engineer,
94131,Bernardo,Vasanthakumar,1/29/65,5/1/97,7/20/97,Staff,
94331,Ramzi,Cronau,1/26/65,9/3/99,1/1/99,Technique Leader,
94416,Aran,Cesareni,1/1/65,2/10/90,11/20/01,Senior Staff,
94442,Bilhanan,Marrakchi,1/28/65,2/3/98,10/12/00,Staff,
94690,Kazuyasu,Sridhar,1/30/65,12/22/99,12/3/01,Staff,
94761,Hitofumi,Zaccaria,1/27/65,11/22/88,1/1/99,Engineer,
94787,Shigenori,Stanfel,1/22/65,4/25/93,12/11/99,Staff,
94944,Heping,Matheson,1/13/65,6/24/88,1/1/99,Engineer,
95181,Yishai,Cappelli,1/28/65,1/30/97,1/1/99,Staff,
95286,Kristin,Guerreiro,1/18/65,8/23/89,1/1/99,Engineer,
95314,Rasiah,Koblick,1/22/65,8/21/91,1/1/99,Senior Staff,
95406,Alair,Lyonns,1/8/65,7/12/97,1/1/99,Engineer,
95416,Gianluca,Ramaiah,1/13/65,11/29/93,1/1/99,Engineer,
95509,Kristinn,Loncour,1/11/65,2/8/95,1/1/99,Engineer,
95692,Abdulah,Hofstetter,1/20/65,11/24/99,5/24/00,Engineer,
95920,Nobuyoshi,Hegner,1/19/65,9/7/94,1/1/99,Senior Staff,
96100,Pranay,Rebaine,1/11/65,2/1/98,12/31/00,Senior Engineer,
96571,Kokou,Garrabrants,1/13/65,11/5/97,1/1/99,Senior Engineer,
96579,Mohan,Tasistro,1/18/65,2/10/96,1/1/99,Engineer,
96767,Arumugam,Vecchio,1/7/65,8/14/85,1/1/99,Engineer,
97018,Jeanna,Chinen,1/9/65,1/1/89,1/1/99,Engineer,
97092,Anwar,Riexinger,1/22/65,12/31/91,1/9/00,Engineer,
97623,Haldon,Janetzko,1/25/65,9/11/90,1/1/99,Senior Staff,
97661,Avishai,Hegner,1/31/65,5/8/93,1/1/99,Senior Staff,
97697,Moie,Karunanithi,1/10/65,2/7/90,11/2/94,Engineer,
98288,Sumali,Huttel,1/12/65,9/12/89,1/1/99,Senior Staff,
98306,Ziya,Kadhim,1/16/65,6/24/99,1/1/99,Senior Engineer,
98514,Giao,Junot,1/8/65,7/1/99,2/25/02,Staff,
98639,Florina,Assaf,1/29/65,5/18/96,1/1/99,Staff,
99057,Shugo,Reeken,1/30/65,6/21/99,1/1/99,Staff,
99373,Xiaobin,Christianini,1/13/65,12/25/85,1/1/99,Senior Staff,
99377,Carrsten,Francisci,1/18/65,6/16/91,1/1/99,Senior Engineer,
99590,Dhritiman,Anily,1/24/65,12/16/98,1/1/99,Staff,
99654,Mahendra,Motley,1/30/65,9/28/85,1/1/99,Senior Staff,
100865,Hisao,Peral,1/19/65,10/3/90,1/1/99,Engineer,
100877,Kazuhide,Harnett,1/13/65,2/2/95,2/13/99,Engineer,
100916,Heejo,Aamodt,1/18/65,4/22/92,1/1/99,Engineer,
101063,Nectarios,Munos,1/8/65,8/31/94,8/14/95,Senior Engineer,
101487,Abdelaziz,Sury,1/14/65,1/31/91,1/1/99,Senior Staff,
101647,Mori,Homond,1/22/65,5/10/94,1/1/99,Senior Staff,
101902,Mantis,Millington,1/14/65,3/18/91,1/1/99,Senior Staff,
102620,Adin,Templeman,1/3/65,12/10/97,8/12/99,Engineer,
103166,Waiman,Dalton,1/9/65,5/25/90,2/9/02,Engineer,
103172,Doowon,Highland,1/5/65,3/8/88,12/28/89,Engineer,
103196,Djenana,Albarhamtoshy,1/16/65,7/16/88,1/1/99,Senior Staff,
103310,Visit,Swen,1/7/65,10/2/95,1/1/99,Senior Staff,
103316,Susanne,Peternell,1/3/65,7/27/94,1/1/99,Engineer,
103342,Beshir,Hellwagner,1/3/65,2/3/98,1/1/99,Engineer,
103756,Heping,Halloran,1/31/65,4/8/92,1/1/99,Assistant Engineer,
104133,Pranjal,Zyda,1/31/65,7/3/91,1/1/99,Senior Staff,
104845,Werner,Lodder,1/29/65,6/17/92,1/1/99,Senior Staff,
104962,Zongyan,Auyong,1/4/65,11/2/87,12/22/91,Engineer,
104988,Parviz,Litzler,1/7/65,8/8/92,1/1/99,Engineer,
105191,Jaber,Kleiser,1/1/65,12/13/86,9/22/87,Engineer,
105342,Kwun,Reeker,1/1/65,7/29/99,1/1/99,Technique Leader,
105356,Diederik,Matzov,1/29/65,5/12/88,3/8/95,Engineer,
105432,Mohamadou,Stafford,1/8/65,9/12/95,1/1/99,Engineer,
105520,Haldun,Lienhardt,1/1/65,1/29/87,1/1/99,Senior Staff,
105589,Yechiam,Egerstedt,1/28/65,12/31/95,7/18/99,Engineer,
105731,Sachem,Cromarty,1/15/65,8/20/90,1/1/99,Assistant Engineer,
105936,Vidar,Thibadeau,1/23/65,3/2/95,9/15/99,Staff,
106096,Naftali,Schurmann,1/14/65,12/2/92,1/1/99,Engineer,
106242,Nevio,Thisen,2/1/65,3/25/88,1/1/99,Senior Staff,
106514,Otilia,Speek,1/4/65,7/30/88,11/7/92,Senior Engineer,
106695,Lijie,Garrabrants,1/31/65,10/26/88,1/1/99,Senior Staff,
106710,Babette,Anandan,1/31/65,11/22/86,1/1/99,Senior Staff,
106958,Horward,Begiun,1/24/65,11/6/85,5/22/02,Engineer,
107486,Siamak,Luiz,1/23/65,2/11/87,1/1/99,Senior Engineer,
107737,Fabrizio,Chleq,1/23/65,7/31/99,1/1/99,Senior Engineer,
107792,Shahab,Crooks,1/13/65,3/18/92,1/1/99,Senior Staff,
107828,Ramya,Walston,1/26/65,2/3/89,1/1/99,Senior Staff,
108091,Hisao,Ghemri,1/9/65,11/14/85,1/1/99,Senior Staff,
108198,Randi,Samarati,1/24/65,10/20/92,1/1/99,Senior Staff,
108316,Shai,Stellhorn,1/2/65,5/21/92,1/1/99,Senior Engineer,
108988,Oksana,Baek,1/19/65,7/20/89,1/1/99,Senior Staff,
109062,Jamaludin,Kandlur,2/1/65,6/19/92,1/1/99,Senior Engineer,
109211,Gor,Delgrande,1/11/65,11/7/95,6/18/02,Engineer,
109252,Moty,Winter,1/15/65,4/28/91,1/1/99,Technique Leader,
109278,Bangqing,Schach,1/21/65,3/22/88,1/1/99,Senior Staff,
109547,Chenye,Zizka,1/4/65,2/22/86,4/21/02,Senior Staff,
109552,Menkae,Etalle,1/31/65,5/21/97,1/1/99,Assistant Engineer,
109553,Xiaobin,DuBourdieux,1/19/65,9/16/85,5/11/88,Staff,
109598,Stamatina,Auyong,2/1/65,7/5/88,1/1/99,Senior Staff,
109611,Jamaludin,Lalonde,1/8/65,7/9/94,8/24/98,Staff,
109620,Mani,Cannata,1/2/65,6/21/89,1/1/99,Senior Staff,
109652,Huan,Perko,1/25/65,7/31/88,3/12/99,Senior Staff,
109703,Arco,Walston,1/17/65,8/16/99,1/1/99,Engineer,
109741,Hatem,Fadgyas,1/11/65,11/13/91,1/1/99,Senior Engineer,
109953,Godehard,Chorvat,1/26/65,4/10/88,1/1/99,Senior Staff,
200052,Slavian,Cincotta,1/27/65,5/30/92,7/7/97,Senior Engineer,
200176,Shahab,Luit,1/31/65,11/20/85,2/5/97,Senior Staff,
200267,Chuanti,Luff,1/8/65,9/21/94,1/1/99,Senior Staff,
200312,Akemi,Fujisaki,1/27/65,6/25/98,11/13/01,Senior Engineer,
200363,Kirk,Quaggetto,1/10/65,6/30/87,1/1/99,Engineer,
200735,Dinah,Denos,1/9/65,9/21/92,1/1/99,Senior Staff,
200789,Susumu,Camurati,1/14/65,12/15/91,1/1/99,Senior Staff,
201180,Odinaldo,Bridgland,1/15/65,6/9/89,6/16/95,Assistant Engineer,
201229,Alejandra,Khasidashvili,1/3/65,7/30/94,1/1/99,Staff,
201708,Anneli,Perl,1/15/65,9/8/92,1/1/99,Senior Staff,
201709,Fan,Kakkad,1/1/65,2/25/88,1/1/99,Senior Staff,
201739,Genta,Terekhov,1/16/65,7/21/98,1/1/99,Assistant Engineer,
201801,Waiman,Genin,1/12/65,10/30/88,1/1/99,Engineer,
201915,Sudharsan,DeMori,1/2/65,3/30/92,1/1/99,Engineer,
202031,Annemarie,Peternell,1/23/65,3/13/94,6/5/97,Engineer,
202291,Ortrun,Schmiedel,1/16/65,7/18/97,1/1/99,Engineer,
202403,Gully,Perko,1/9/65,7/7/99,1/1/99,Engineer,
202414,Zvonko,Murthy,1/13/65,1/7/92,1/1/99,Senior Staff,
202552,Morris,Saoudi,1/5/65,11/22/91,1/1/99,Engineer,
202581,Dharmaraja,Merlo,1/19/65,6/5/87,12/16/90,Staff,
202826,Kerhong,Matzke,1/19/65,11/14/86,1/1/99,Engineer,
202882,Isaac,Koshino,1/25/65,9/28/95,1/1/99,Senior Engineer,
202950,Giordano,Pietrzykowski,1/17/65,3/26/87,1/1/99,Senior Staff,
203474,Hugh,Jonsson,1/3/65,7/6/91,1/1/99,Senior Staff,
203495,Zongyan,Gips,1/2/65,5/31/97,1/1/99,Technique Leader,
203599,Ewing,DiGiano,1/21/65,2/1/00,1/1/99,Technique Leader,
203697,Claude,Kemmerer,1/27/65,1/16/94,5/7/01,Engineer,
203720,Sasan,Thimonier,1/30/65,8/21/96,1/1/99,Senior Staff,
203946,Yefim,Marwedel,1/23/65,3/30/93,1/1/99,Senior Staff,
204117,Jessie,Nooteboom,1/10/65,8/13/99,12/13/00,Staff,
204133,Susuma,Bergere,1/22/65,2/25/96,1/1/99,Senior Staff,
204246,Arve,Worfolk,1/9/65,4/1/85,1/1/99,Senior Staff,
204425,Gretta,Huttel,1/3/65,10/8/90,1/1/99,Senior Engineer,
204470,Hein,Lichtner,1/22/65,4/3/95,5/2/98,Senior Staff,
204471,Franziska,Maginnis,1/27/65,2/17/86,1/1/99,Engineer,
204764,Susanne,Mandelberg,1/22/65,11/2/90,1/1/99,Engineer,
205018,Yahiko,Awdeh,1/26/65,8/5/98,1/1/99,Engineer,
205085,Moni,Kornyak,1/23/65,9/26/91,1/1/99,Technique Leader,
205174,Leszek,Spinelli,1/5/65,12/10/98,1/1/99,Staff,
205362,Masasuke,Makinen,1/25/65,7/2/92,6/1/97,Staff,
205500,Mary,Setiz,1/4/65,1/13/89,1/1/99,Senior Engineer,
205627,Stabislas,Broder,1/21/65,7/16/96,1/1/99,Engineer,
205660,Kien,Barreiro,1/27/65,10/24/00,1/1/99,Staff,
205699,Youjian,Yetto,1/31/65,12/7/94,1/1/99,Senior Staff,
205789,Limsoon,Skafidas,1/31/65,8/10/99,1/1/99,Senior Staff,
205863,Aiichiro,Kusalik,1/6/65,10/4/90,1/1/99,Engineer,
206372,Temple,Joslin,1/17/65,1/5/93,11/14/95,Engineer,
206748,Yucai,Fabrizio,1/7/65,10/6/99,1/1/99,Staff,
206836,Guadalupe,Pfau,1/12/65,3/22/93,1/1/99,Senior Staff,
206865,Vasilii,Cochrane,1/28/65,9/13/91,4/23/01,Engineer,
206966,Tzu,Sichman,1/21/65,11/17/87,1/1/99,Engineer,
207021,Jacqueline,Akaboshi,1/20/65,12/6/97,1/1/99,Engineer,
207068,Zhiguo,Ariola,1/13/65,9/7/94,1/1/99,Senior Staff,
207204,Kellie,Schrooten,1/25/65,1/17/91,1/1/99,Assistant Engineer,
207401,Shuji,Barbanera,1/4/65,8/10/87,1/1/99,Senior Staff,
207551,Baziley,Falck,1/15/65,2/18/95,1/1/99,Assistant Engineer,
207779,Chinya,Kamble,1/16/65,5/31/92,1/1/99,Senior Staff,
207980,Remko,Vieth,1/7/65,11/22/90,1/1/99,Senior Staff,
208147,Manu,Rothenberg,1/9/65,12/6/88,1/1/99,Engineer,
208330,Shen,Flanders,1/11/65,7/3/89,1/1/99,Senior Staff,
208639,Larisa,Lukaszewicz,1/27/65,10/10/89,10/30/96,Senior Staff,
208653,Phillip,Schade,1/23/65,3/3/89,1/1/99,Engineer,
208784,Pranjal,Juneja,1/30/65,3/21/85,1/1/99,Senior Engineer,
209101,Xinyu,Edelhoff,1/5/65,10/26/97,1/1/99,Senior Engineer,
209443,Krassimir,Garnier,1/19/65,1/26/98,1/1/99,Senior Staff,
209456,Adhemar,Leonhardt,1/19/65,11/1/98,7/27/99,Engineer,
209565,Dante,Covnot,1/9/65,5/28/89,1/1/99,Senior Staff,
209681,Tianruo,Bratten,1/20/65,10/10/97,4/3/98,Senior Staff,
209712,Nimmagadda,Baak,1/17/65,10/30/87,1/1/99,Assistant Engineer,
209945,Roded,Veevers,1/27/65,10/23/90,1/8/96,Engineer,
210017,Shalesh,Lovengreen,1/28/65,9/29/90,1/1/99,Senior Staff,
210292,Lihong,Zeilberger,1/18/65,4/28/96,1/1/99,Staff,
210449,Gino,Lagarias,1/19/65,6/22/97,1/1/99,Engineer,
210529,Adam,Besancenot,1/29/65,9/27/90,2/4/95,Senior Staff,
210610,Arco,Crouzet,1/23/65,9/3/94,9/30/00,Assistant Engineer,
210752,Saniya,Stenning,1/25/65,12/10/86,1/1/99,Senior Staff,
210786,Werner,Ranze,1/31/65,6/5/98,1/1/99,Staff,
211569,Zhonghua,Snyers,2/1/65,4/23/89,7/18/99,Senior Staff,
211858,Domenico,Ratnaker,1/8/65,3/24/85,1/1/99,Engineer,
211879,Gao,Ranze,1/12/65,11/24/94,1/1/99,Engineer,
211967,Anwar,Bain,1/7/65,1/22/89,1/1/99,Engineer,
212074,Tomokazu,Byoun,1/11/65,7/30/96,4/8/02,Engineer,
212093,Leni,Henders,1/11/65,11/19/93,1/1/99,Senior Staff,
212131,Debatosh,Rajala,1/21/65,1/19/94,4/22/94,Staff,
212154,Sailaja,Holburn,1/17/65,3/4/91,1/1/99,Senior Staff,
212361,Claudi,Stanfel,1/16/65,1/7/96,1/1/99,Engineer,
212703,Kien,Bennis,1/2/65,1/6/93,3/14/98,Engineer,
212810,Qingxiang,Swan,1/16/65,10/4/90,3/13/02,Senior Staff,
213016,Yongmao,Fontan,1/22/65,7/26/93,1/1/99,Engineer,
213140,Tru,Danecki,1/10/65,3/31/97,1/1/99,Staff,
213384,Pranas,Narwekar,1/4/65,9/26/85,1/1/99,Engineer,
213447,Armond,Perly,2/1/65,9/14/89,1/1/99,Engineer,
214184,Sivanarayana,Ranka,1/11/65,10/25/99,5/3/01,Engineer,
214215,Xiaoqiang,Cardazo,1/25/65,5/28/93,1/1/99,Senior Staff,
214391,Rayond,Klassen,1/15/65,9/11/93,1/1/99,Senior Staff,
214427,Peer,Molberg,1/29/65,11/17/96,1/1/99,Engineer,
214539,Ingmar,Kohling,1/27/65,4/25/95,1/1/99,Engineer,
214634,Shirish,Vickson,1/12/65,10/24/89,1/1/99,Engineer,
214789,Arfst,Chepyzhov,1/28/65,2/6/89,1/1/99,Engineer,
214807,Prasadram,Qiwen,1/13/65,9/4/92,11/25/97,Assistant Engineer,
214866,Gopalakrishnan,Angel,2/1/65,7/5/97,1/1/99,Engineer,
214995,Dinkar,Hoppenstand,1/12/65,5/4/94,1/1/99,Engineer,
215419,Flemming,Kroha,1/16/65,1/23/95,1/1/99,Staff,
215629,Munehiro,Manders,1/15/65,5/18/87,1/1/99,Senior Staff,
215746,Sven,Speer,1/8/65,7/8/99,1/1/99,Staff,
215843,Pramod,Loncour,1/30/65,3/31/87,1/1/99,Senior Staff,
216054,Sahrah,Angiulli,1/24/65,7/31/86,1/1/99,Senior Staff,
216062,Shuichi,Anick,1/22/65,11/24/85,10/26/99,Engineer,
216246,Francoise,Rullman,1/21/65,12/30/97,1/12/00,Staff,
216342,Aiichiro,Cromarty,1/22/65,6/10/95,1/1/99,Engineer,
216375,Byong,Gustavson,1/16/65,3/12/85,1/1/99,Senior Engineer,
216502,Xiaocheng,Suermann,1/26/65,12/15/97,1/1/99,Engineer,
216573,Ashish,Vidya,1/29/65,6/16/89,1/1/99,Engineer,
216921,Lena,Lenart,1/22/65,12/25/90,1/1/99,Senior Staff,
217026,Otmar,Engberts,1/11/65,8/16/93,1/1/99,Senior Staff,
217080,Masami,Puoti,1/12/65,1/21/00,1/1/99,Senior Engineer,
217272,Yuchang,Eldridge,1/21/65,8/1/86,1/1/99,Senior Staff,
217286,Yannik,Spelt,1/5/65,9/22/92,1/1/99,Technique Leader,
217320,Abdelwaheb,Denis,1/10/65,9/10/93,1/1/99,Engineer,
217363,Horward,Marzano,1/14/65,4/11/96,1/1/99,Staff,
217387,Jianhao,Molenaar,1/21/65,10/22/87,1/1/99,Engineer,
217551,Panayotis,Lukaszewicz,1/2/65,6/6/89,1/1/99,Engineer,
217800,Shay,Servieres,2/1/65,8/6/98,1/1/99,Senior Staff,
218022,Mokhtar,Poupard,1/26/65,2/2/92,1/1/99,Technique Leader,
218100,Jiong,Garnham,1/24/65,1/2/90,1/1/99,Senior Staff,
218299,Almudena,Genin,1/9/65,9/26/86,11/6/01,Senior Staff,
218829,Eckart,Foong,1/17/65,11/26/89,1/28/96,Staff,
218831,Unal,DuBourdieux,1/16/65,3/13/96,1/1/99,Engineer,
219035,Kristine,Bierman,1/18/65,5/13/88,1/1/99,Technique Leader,
219047,Aemilian,Kusalik,1/30/65,5/27/87,1/1/99,Engineer,
219052,Marsal,Acton,1/6/65,8/2/95,1/1/99,Staff,
219417,Subhrajyoti,Denna,1/29/65,7/25/96,1/1/99,Staff,
219497,Moie,Zastre,1/22/65,10/11/91,1/1/99,Technique Leader,
219967,Susanna,Reeken,1/16/65,3/16/98,1/1/99,Senior Staff,
220029,Demos,Asser,1/17/65,11/4/85,1/1/99,Senior Engineer,
220131,Reinhard,Slaats,1/9/65,6/8/94,1/1/99,Engineer,
220418,Poorav,Laventhal,1/23/65,8/16/97,1/1/99,Staff,
220528,Sibyl,Rabehasaina,1/6/65,2/23/98,1/1/99,Senior Staff,
220582,Poornachandra,Zielinski,1/8/65,2/13/96,1/1/99,Senior Staff,
220611,Yuping,Babb,1/23/65,1/31/95,1/1/99,Senior Staff,
220625,Shigenori,Deville,1/25/65,12/24/92,1/1/99,Technique Leader,
220699,Nahid,Gyimothy,1/7/65,8/18/95,1/1/99,Staff,
220799,Perla,Orlowska,1/17/65,12/3/90,10/13/98,Senior Engineer,
221126,Tesuya,dAstous,1/23/65,11/29/88,1/1/99,Engineer,
221367,Saddek,Farris,1/13/65,11/6/90,1/1/99,Senior Staff,
221369,Abdulah,Pocchiola,1/28/65,8/28/96,1/1/99,Engineer,
221435,Djenana,Marrevee,1/6/65,2/6/94,1/1/99,Engineer,
221699,Szabolcs,Georgatos,1/15/65,8/16/99,2/6/00,Engineer,
221973,Sangeeta,Kalefeld,1/17/65,6/6/90,1/1/99,Senior Staff,
222206,Stein,Uludag,1/21/65,1/30/88,1/1/99,Senior Staff,
222311,Miyeon,Billingsley,1/20/65,12/5/92,1/1/99,Senior Engineer,
222319,Matt,Chvatal,1/20/65,11/9/94,1/1/99,Senior Engineer,
222354,Valdiodio,Schlumberger,1/15/65,8/7/93,1/1/99,Assistant Engineer,
222616,Badri,Schapire,2/1/65,1/19/98,1/1/99,Assistant Engineer,
222701,Lein,Delaune,1/24/65,6/30/90,9/14/91,Senior Staff,
222770,Kazuhiko,Kushner,1/22/65,8/1/95,1/1/99,Senior Engineer,
222878,Annemarie,Zallocco,1/10/65,12/1/96,1/1/99,Engineer,
222926,Limsoon,Erol,1/10/65,12/31/97,1/1/99,Senior Engineer,
222952,Gopalakrishnan,Suermann,1/28/65,4/30/91,1/1/99,Engineer,
222998,Leaf,Awdeh,1/7/65,10/2/92,1/1/99,Senior Staff,
465409,Shahid,Varman,1/30/65,8/27/85,1/1/99,Senior Staff,
465501,Mrinalini,Gire,1/5/65,11/9/92,1/1/99,Senior Staff,
465711,Lakshmi,Frijda,1/6/65,4/21/90,1/1/99,Engineer,
465853,Kwan,Kampfer,1/1/65,10/16/98,1/1/99,Staff,
465874,Herb,Picht,1/12/65,5/31/85,1/1/99,Assistant Engineer,
466064,Temple,Danlos,1/31/65,6/13/94,1/1/99,Senior Staff,
466367,Hiroyasu,Strandh,1/5/65,6/5/89,1/1/99,Senior Staff,
466509,Bezalel,Verhoeff,1/26/65,3/22/88,1/1/99,Engineer,
466603,Yechezkel,Nourani,1/23/65,8/1/91,1/1/99,Senior Staff,
466745,Boalin,Birsak,1/26/65,10/16/95,1/1/99,Senior Staff,
466911,Stepehn,Markovitch,1/11/65,8/13/91,8/7/95,Staff,
467176,Przemyslawa,Borovoy,1/5/65,6/18/93,1/1/99,Senior Staff,
467269,Nahum,Lambe,1/18/65,8/31/89,1/1/99,Technique Leader,
467392,Mariusz,Rikino,1/7/65,4/13/95,1/1/99,Engineer,
467441,Margareta,Bondorf,1/13/65,11/7/88,1/1/99,Engineer,
467591,Kiyotoshi,Hennebert,1/17/65,3/6/01,1/1/99,Staff,
467886,Sivanarayana,Chandrasekhar,1/2/65,1/24/96,1/1/99,Senior Staff,
467918,Tsuneo,Skrikant,1/3/65,10/21/97,1/1/99,Staff,
468360,Huei,Saoudi,1/12/65,8/10/94,1/1/99,Technique Leader,
468417,Kamakshi,Huhdanpaa,1/25/65,8/26/93,1/1/99,Engineer,
468659,Ranga,Lemarechal,1/18/65,11/5/89,1/1/99,Engineer,
468763,Sachin,Zlotek,1/12/65,3/11/85,8/9/90,Senior Engineer,
468773,Baziley,Brookner,1/27/65,9/22/93,1/1/99,Engineer,
469104,Nadjib,Comellas,1/21/65,4/18/96,1/22/99,Engineer,
469253,Baruch,Basawa,1/17/65,9/17/93,1/1/99,Engineer,
469269,Weiyi,Codenie,1/23/65,5/27/89,1/1/99,Engineer,
469366,Aiman,Wilfing,1/12/65,12/30/90,1/1/99,Engineer,
469399,Hongzhu,Ruemmler,1/25/65,6/6/00,1/1/99,Engineer,
469527,Halsur,Ibel,1/24/65,3/5/98,1/1/99,Staff,
469529,Neven,Rikino,1/7/65,10/21/88,1/1/99,Engineer,
469735,Arif,Stranks,1/30/65,11/16/92,1/1/99,Senior Engineer,
469805,Chaosheng,Shobatake,1/21/65,7/3/91,9/15/01,Senior Staff,
469867,Hein,Jonsson,1/23/65,2/12/85,1/1/99,Senior Staff,
470456,Reuven,Oehlmann,1/13/65,3/29/86,1/1/99,Senior Staff,
470472,Zhiguo,Staudhammer,2/1/65,12/3/85,1/1/99,Engineer,
471397,Nigel,Zirintsis,2/1/65,1/3/99,7/23/99,Engineer,
471532,Feiyu,Decleir,1/17/65,9/13/98,1/1/99,Technique Leader,
471552,Basem,Lortz,1/22/65,10/25/97,1/1/99,Staff,
471911,Arun,Zaccaria,1/14/65,5/31/90,1/1/99,Assistant Engineer,
471939,Kazuhiko,Marshall,1/27/65,6/4/01,1/1/99,Staff,
472052,Godehard,Chinal,1/26/65,12/9/95,1/1/99,Assistant Engineer,
472143,Yahiko,Sommen,1/25/65,8/14/96,1/1/99,Senior Staff,
472238,Jungsoon,Gubsky,1/31/65,10/9/90,1/1/99,Senior Engineer,
472440,Xuejia,Leppanen,1/30/65,8/25/98,10/25/00,Staff,
472790,Zhenbing,Ibel,1/23/65,10/29/85,1/1/99,Senior Engineer,
472950,Weidon,Fordan,1/29/65,3/27/86,1/1/99,Senior Engineer,
473268,Hugo,Sgarro,1/1/65,4/24/92,1/1/99,Senior Staff,
473299,Khaled,Penn,1/12/65,5/19/92,1/1/99,Senior Staff,
473490,Pantung,Reeker,1/6/65,5/11/92,1/1/99,Staff,
473824,Shin,Puoti,1/22/65,12/20/96,5/9/99,Staff,
473940,Avishai,Majewski,1/16/65,1/10/98,1/1/99,Engineer,
474162,Ung,Taubenfeld,1/31/65,10/14/99,6/30/01,Engineer,
474257,Sungwon,Kornyak,1/24/65,4/4/91,10/23/94,Staff,
474331,Sugwoo,Eugenio,1/29/65,10/6/91,3/2/94,Senior Staff,
474372,Monique,Cyre,1/13/65,2/13/86,10/11/94,Staff,
474763,Mayuko,Clouatre,1/7/65,9/4/97,1/1/99,Engineer,
474796,Zongyan,Shackel,1/10/65,8/17/87,1/1/99,Technique Leader,
474918,Rasikan,Khalil,1/15/65,2/10/85,3/11/85,Engineer,
475087,Genevieve,Snedden,1/31/65,10/21/88,1/1/99,Senior Engineer,
475258,Fumiyo,Feinberg,1/10/65,2/12/00,1/1/99,Staff,
475538,Christophe,Leaver,1/15/65,10/31/98,1/1/99,Staff,
475938,Shigeaki,Lanteri,1/14/65,2/17/89,1/1/99,Engineer,
475965,Rimon,Pietracaprina,1/2/65,7/10/85,1/1/99,Engineer,
476055,Girolamo,Schlumberger,1/3/65,3/7/93,1/1/99,Senior Staff,
476122,Khun,Spieker,1/4/65,5/7/95,1/1/99,Engineer,
476327,Reinhold,Binkley,1/31/65,5/29/95,1/1/99,Senior Engineer,
476361,Doohun,Preusig,1/9/65,4/28/93,1/1/99,Technique Leader,
476488,Yuping,Kuhnemann,1/30/65,12/13/86,7/7/94,Technique Leader,
477350,Terresa,Vigier,1/1/65,7/8/98,1/1/99,Staff,
477352,Nikolaos,Lorch,1/12/65,4/17/99,3/7/02,Engineer,
477578,Marit,Paludetto,1/23/65,9/30/90,1/1/99,Senior Engineer,
477969,Bluma,Mundy,1/18/65,10/18/91,1/1/99,Senior Engineer,
478007,Fumino,Narahara,1/6/65,9/21/91,1/1/99,Senior Engineer,
478170,Doowon,Schoegge,1/22/65,5/29/94,4/13/95,Assistant Engineer,
478218,Djenana,Erol,1/2/65,1/31/99,12/3/99,Engineer,
478439,Yuichiro,Bale,1/15/65,11/4/97,1/1/99,Technique Leader,
478768,Arun,Katzenelson,1/3/65,10/28/91,1/1/99,Engineer,
478799,Shaw,Borovoy,1/18/65,5/11/91,1/1/99,Senior Staff,
478833,Pradeep,Valiente,1/30/65,9/19/92,1/1/99,Engineer,
478858,Hidekazu,Perna,1/20/65,11/8/99,1/1/99,Staff,
479024,Ewing,Kalorkoti,1/3/65,12/21/96,1/1/99,Engineer,
479407,Randi,Tomescu,1/18/65,11/25/86,1/1/99,Assistant Engineer,
479601,Kayoko,Bahi,1/19/65,2/19/97,1/1/99,Staff,
479695,Masamitsu,Murrill,1/6/65,6/23/99,1/1/99,Senior Staff,
480035,Sukumar,Georg,1/26/65,8/26/90,1/1/99,Staff,
480066,Suebskul,Menhardt,1/31/65,7/26/94,1/1/99,Engineer,
480178,Uinam,Rahier,1/3/65,2/10/91,1/1/99,Senior Staff,
480268,Gaurav,Cheshire,1/18/65,3/30/89,1/1/99,Technique Leader,
480407,Deniz,Bennis,1/1/65,6/24/89,1/1/99,Engineer,
480571,Anoosh,Wielonsky,1/9/65,8/4/94,8/1/96,Engineer,
481050,Weiru,Burnard,1/16/65,10/15/90,1/1/99,Senior Staff,
481148,Gina,Decaestecker,1/18/65,6/20/86,5/25/89,Engineer,
481213,Shigehiro,Haldar,1/8/65,12/14/91,1/1/99,Staff,
481397,Luisa,Chelton,1/31/65,8/13/98,1/1/99,Assistant Engineer,
481399,Amabile,Crelier,1/5/65,6/16/98,1/14/99,Staff,
481467,Margareta,Polajnar,1/3/65,2/24/89,7/1/96,Staff,
481764,Teiji,Marrakchi,1/27/65,8/26/86,1/1/99,Senior Engineer,
481790,Haldun,Erie,1/22/65,9/12/96,1/1/99,Senior Engineer,
481807,Taegyun,Vieri,1/23/65,6/17/88,3/3/89,Senior Engineer,
482278,Sven,Hinsberger,1/2/65,7/24/92,7/26/94,Senior Engineer,
482335,Kwangyoen,Peck,1/26/65,1/16/94,1/1/99,Engineer,
482354,Jayson,Zockler,1/23/65,11/6/99,1/1/99,Staff,
482755,Jouni,Conia,1/3/65,10/31/94,1/1/99,Senior Staff,
482756,Shaowei,Back,1/2/65,7/30/96,12/21/98,Senior Staff,
482885,Shaunak,Brizzi,1/29/65,9/2/88,1/1/99,Senior Engineer,
482905,Aral,Hebden,1/16/65,9/10/91,1/1/99,Senior Staff,
482944,Duke,Journel,1/26/65,10/26/91,1/1/99,Senior Staff,
483213,Phillip,Munch,1/16/65,9/2/91,4/1/98,Technique Leader,
483401,Rosita,Pokrovskii,1/10/65,8/3/96,1/1/99,Senior Staff,
483675,Hausi,Kamber,1/22/65,2/16/88,1/1/99,Engineer,
483825,Marek,Mitchem,1/22/65,11/20/92,1/1/99,Senior Engineer,
483838,Sham,Kavanagh,1/3/65,12/18/97,1/1/99,Assistant Engineer,
483978,Dung,Tanemo,1/24/65,1/28/90,1/1/99,Staff,
484126,Manton,Lueh,1/5/65,4/7/89,1/1/99,Senior Staff,
484142,Perry,Cooman,1/5/65,4/23/87,1/1/99,Senior Staff,
484498,Herbert,Hammerschmidt,1/26/65,8/22/96,1/1/99,Engineer,
484756,Phule,Ruemmler,1/16/65,8/9/90,1/1/99,Engineer,
485253,Gladys,Parhami,1/14/65,7/20/96,1/1/99,Senior Staff,
485489,Keiichiro,Armand,1/1/65,12/14/86,1/1/99,Engineer,
485577,Rafael,Menhoudj,1/30/65,4/27/97,1/1/99,Senior Engineer,
485579,Munehiro,Iwayama,1/18/65,12/16/86,1/1/99,Engineer,
485799,Yoshimitsu,Litvinov,1/27/65,11/22/97,1/1/99,Senior Staff,
485817,Mahmut,Bolotov,1/29/65,2/21/97,1/1/99,Engineer,
486068,Yefim,Bernardeschi,1/11/65,6/26/96,1/1/99,Senior Staff,
486808,Geoffrey,Siochi,1/5/65,12/27/98,1/1/99,Senior Engineer,
486918,Yagil,Remmers,1/18/65,11/1/94,1/1/99,Senior Staff,
486955,Jaber,Feldmann,1/9/65,5/23/97,8/5/98,Engineer,
486956,Matt,Ruemmler,1/1/65,10/14/93,1/1/99,Engineer,
486958,Tonny,Kropf,1/6/65,7/30/86,1/1/99,Senior Engineer,
487008,Zhigen,Raney,1/22/65,5/26/93,1/1/99,Senior Staff,
487505,Uno,Jayawardene,1/20/65,11/2/87,1/1/99,Senior Staff,
487856,Jaewon,Mansanne,1/18/65,5/22/99,4/29/00,Engineer,
487988,Ekawit,Schaft,1/5/65,5/20/90,1/1/99,Staff,
488095,Francoise,Hegner,1/24/65,12/23/97,1/1/99,Senior Staff,
488115,Leah,Luke,1/29/65,8/23/95,9/27/95,Assistant Engineer,
488142,Denis,Narlikar,1/5/65,7/1/91,1/1/99,Senior Staff,
488414,Changho,Gaughan,1/10/65,6/21/87,7/13/91,Engineer,
488482,Kensyu,Tsunoo,1/30/65,12/5/99,1/1/99,Engineer,
488540,Breannda,Maquelin,1/22/65,4/12/96,1/1/99,Senior Staff,
488619,Georgy,Bennis,1/25/65,4/11/98,1/1/99,Engineer,
488632,Irena,Baalen,1/20/65,11/22/99,2/10/01,Staff,
488693,Jiong,Zultner,1/27/65,3/10/93,1/1/99,Senior Engineer,
488707,Mihalis,Remmers,1/16/65,3/1/90,1/1/99,Senior Staff,
488752,Nimmagadda,Baja,1/23/65,2/9/94,1/1/99,Senior Staff,
488788,Wuxu,Garigliano,1/12/65,9/21/90,1/1/99,Senior Staff,
488984,Kendra,Junet,1/18/65,11/12/92,1/1/99,Senior Staff,
489465,Bogdan,Pepe,1/17/65,2/15/95,11/6/98,Engineer,
489755,Matk,Chorvat,1/14/65,12/30/94,12/4/99,Senior Staff,
489756,Kersti,Miculan,1/1/65,6/9/92,1/1/99,Senior Staff,
489928,Satoru,Janetzko,1/28/65,7/26/97,1/1/99,Assistant Engineer,
490240,Kazunori,Orlowska,1/18/65,6/18/96,10/26/00,Staff,
490551,Lalit,Lindqvist,1/1/65,11/7/98,1/1/99,Engineer,
490557,Luise,Vigier,1/27/65,7/1/94,1/1/99,Engineer,
490568,Zita,Reistad,1/1/65,7/23/98,1/1/99,Senior Engineer,
490720,Younwoo,Samarati,1/19/65,5/18/02,1/1/99,Senior Engineer,
491079,Kwangsub,Keirsey,1/6/65,2/4/92,1/1/99,Senior Engineer,
491162,Panayotis,Hempstead,1/14/65,8/29/94,1/1/99,Senior Engineer,
491478,Gill,Varman,1/16/65,6/18/88,1/1/99,Senior Staff,
491494,Saniya,Broomell,1/19/65,8/4/92,9/2/97,Staff,
491596,Charmane,Pargas,1/21/65,8/3/92,1/1/99,Senior Engineer,
491632,Gadiel,Perly,1/1/65,10/20/86,1/1/99,Staff,
492000,Valeska,Cools,1/10/65,12/16/93,1/1/99,Staff,
492052,Udo,Ratnakar,1/11/65,11/30/99,1/1/99,Staff,
492217,Heekeun,Verhaegen,1/16/65,9/28/91,1/1/99,Senior Engineer,
492639,Sanjoy,Porenta,1/30/65,7/10/97,1/1/99,Engineer,
492677,Goetz,McAffer,1/26/65,2/5/88,1/1/99,Engineer,
493031,Hironoby,Jakobus,1/23/65,7/30/91,1/1/99,Staff,
493048,Muzhong,Berztiss,1/31/65,1/23/95,1/1/99,Senior Staff,
493096,Sachem,Msuda,1/31/65,4/7/95,1/1/99,Engineer,
493278,Shaleah,Pileggi,1/28/65,2/10/99,10/30/99,Engineer,
493744,Leni,Kropatsch,1/14/65,7/17/97,1/1/99,Senior Engineer,
494019,Morrie,Iisaku,1/16/65,5/6/91,1/1/99,Senior Staff,
494088,Phule,Dahlbom,1/10/65,2/6/89,1/1/99,Engineer,
494493,Masasuke,Koprowski,1/10/65,11/20/96,1/1/99,Staff,
494978,Bezalel,Himler,1/23/65,7/9/99,6/12/02,Staff,
494995,Yongmao,Pouyioutas,1/4/65,8/24/89,1/1/99,Senior Staff,
495969,Geoffrey,Panienski,1/1/65,11/28/88,6/7/98,Senior Engineer,
496100,Pranjal,Reinhard,1/7/65,5/8/95,1/1/99,Staff,
496970,Giordano,Maquelin,1/3/65,12/31/99,1/1/99,Senior Engineer,
496978,Danco,Debuse,1/30/65,9/10/93,1/1/99,Senior Staff,
497007,Oldrich,Adachi,1/23/65,8/9/98,1/1/99,Senior Engineer,
497174,Sanjiv,Bressoud,1/2/65,4/27/93,1/1/99,Senior Engineer,
497340,Fayez,Keohane,1/6/65,9/19/90,1/1/99,Senior Staff,
497391,Paris,Lieblein,1/30/65,5/19/99,1/1/99,Engineer,
497409,Reinhard,Erde,1/21/65,12/4/92,3/13/96,Engineer,
497660,Gritta,Petereit,1/2/65,4/6/85,9/5/94,Senior Engineer,
497835,Shuho,Laurillard,1/29/65,10/6/99,1/1/99,Technique Leader,
498185,Caolyn,Marciano,1/19/65,6/6/99,1/1/99,Senior Engineer,
498337,Naraig,Docker,1/30/65,5/17/97,1/1/99,Staff,
498456,Geraldo,Gerteisen,1/17/65,6/5/87,1/1/99,Senior Staff,
498635,Florian,Pezzoli,1/9/65,7/22/88,1/1/99,Staff,
498838,Sanjay,Ciolek,1/16/65,12/13/89,1/1/99,Senior Staff,
498845,Arumugam,Pelc,1/9/65,11/13/99,1/1/99,Senior Engineer,
498955,Nechama,Kandlur,1/13/65,1/16/95,1/1/99,Engineer,
499160,Urs,Rande,1/12/65,1/25/90,3/1/91,Staff,
499194,Padma,Delgrange,1/29/65,1/2/98,8/27/99,Senior Staff,
499260,Danae,Honglei,1/11/65,9/14/98,1/1/99,Engineer,
499495,Baoqiu,Kakkar,1/14/65,8/30/99,1/1/99,Engineer,
,,,,,,,
,,,,,,,
,,,,,,,
,,,,,,,
,,,,,,,
,,,,,,,
,,,,,,,
,,,,,,,
,,,,,,,
,,,,,,,
,,,,,,,
,,,,,,,
,,,,,,,
,,,,,,,
,,,,,,,
,,,,,,,
,,,,,,,
,,,,,,,
,,,,,,,
,,,,,,,
,,,,,,,
,,,,,,,
,,,,,,,
,,,,,,,
,,,,,,,
,,,,,,,
,,,,,,,
,,,,,,,
,,,,,,,
,,,,,,,
,,,,,,,
,,,,,,,
,,,,,,,
,,,,,,,
,,,,,,,
,,,,,,,
,,,,,,,
,,,,,,,
,,,,,,,
,,,,,,,
,,,,,,,
,,,,,,,
,,,,,,,
,,,,,,,
,,,,,,,
,,,,,,,
,,,,,,,
,,,,,,,
,,,,,,,
,,,,,,,
,,,,,,,
,,,,,,,
,,,,,,,
,,,,,,,
,,,,,,,
,,,,,,,
,,,,,,,
,,,,,,,
,,,,,,,
,,,,,,,
,,,,,,,
,,,,,,,
,,,,,,,
,,,,,,,
,,,,,,,
,,,,,,,
,,,,,,,
,,,,,,,
,,,,,,,
,,,,,,,
,,,,,,,
,,,,,,,
,,,,,,,
,,,,,,,
,,,,,,,
,,,,,,,
,,,,,,,
,,,,,,,
,,,,,,,
,,,,,,,
,,,,,,,
,,,,,,,
,,,,,,,
,,,,,,,
,,,,,,,
,,,,,,,
,,,,,,,
,,,,,,,
,,,,,,,
,,,,,,,
,,,,,,,
,,,,,,,
,,,,,,,
,,,,,,,
,,,,,,,
,,,,,,,
,,,,,,,
,,,,,,,
,,,,,,,
,,,,,,,
,,,,,,,
,,,,,,,
,,,,,,,
,,,,,,,
,,,,,,,
,,,,,,,
,,,,,,,
,,,,,,,
,,,,,,,
,,,,,,,
,,,,,,,
,,,,,,,
,,,,,,,
,,,,,,,
,,,,,,,
,,,,,,,
,,,,,,,
,,,,,,,
,,,,,,,
,,,,,,,
,,,,,,,
,,,,,,,
,,,,,,,
,,,,,,,
,,,,,,,
,,,,,,,
,,,,,,,
,,,,,,,
,,,,,,,
,,,,,,,
,,,,,,,
,,,,,,,
,,,,,,,
,,,,,,,
,,,,,,,
,,,,,,,
,,,,,,,
,,,,,,,
,,,,,,,
,,,,,,,
,,,,,,,
,,,,,,,
,,,,,,,
,,,,,,,
,,,,,,,
,,,,,,,
,,,,,,,
,,,,,,,
,,,,,,,
,,,,,,,
,,,,,,,
,,,,,,,
,,,,,,,
,,,,,,,
,,,,,,,
,,,,,,,
,,,,,,,
,,,,,,,
,,,,,,,
,,,,,,,
,,,,,,,
,,,,,,,
,,,,,,,
,,,,,,,
,,,,,,,
,,,,,,,
,,,,,,,
,,,,,,,
,,,,,,,
,,,,,,,
,,,,,,,
,,,,,,,
,,,,,,,
,,,,,,,
,,,,,,,
,,,,,,,
,,,,,,,
,,,,,,,
,,,,,,,
,,,,,,,
,,,,,,,
,,,,,,,
,,,,,,,
,,,,,,,
,,,,,,,
,,,,,,,
,,,,,,,
,,,,,,,
,,,,,,,
,,,,,,,
,,,,,,,
,,,,,,,
,,,,,,,
,,,,,,,
,,,,,,,
,,,,,,,
,,,,,,,
,,,,,,,
,,,,,,,
,,,,,,,
,,,,,,,
,,,,,,,
,,,,,,,
,,,,,,,
,,,,,,,
,,,,,,,
,,,,,,,
,,,,,,,
,,,,,,,
,,,,,,,
,,,,,,,
,,,,,,,
,,,,,,,
,,,,,,,
,,,,,,,
,,,,,,,
,,,,,,,
,,,,,,,
,,,,,,,
,,,,,,,
,,,,,,,
,,,,,,,
,,,,,,,
,,,,,,,
,,,,,,,
,,,,,,,
,,,,,,,
,,,,,,,
,,,,,,,
,,,,,,,
,,,,,,,
,,,,,,,
,,,,,,,
,,,,,,,
,,,,,,,
,,,,,,,
,,,,,,,
,,,,,,,
,,,,,,,
,,,,,,,
,,,,,,,
,,,,,,,
,,,,,,,
,,,,,,,
,,,,,,,
,,,,,,,
,,,,,,,
,,,,,,,
,,,,,,,
,,,,,,,
,,,,,,,
,,,,,,,
,,,,,,,
,,,,,,,
,,,,,,,
,,,,,,,
,,,,,,,
,,,,,,,
,,,,,,,
,,,,,,,
,,,,,,,
,,,,,,,
,,,,,,,
,,,,,,,
,,,,,,,
,,,,,,,
,,,,,,,
,,,,,,,
,,,,,,,
,,,,,,,
,,,,,,,
,,,,,,,
,,,,,,,
,,,,,,,
,,,,,,,
,,,,,,,
,,,,,,,
,,,,,,,
,,,,,,,
,,,,,,,
,,,,,,,
,,,,,,,
,,,,,,,
,,,,,,,
,,,,,,,
,,,,,,,
,,,,,,,
,,,,,,,
,,,,,,,
,,,,,,,
,,,,,,,
,,,,,,,
,,,,,,,
,,,,,,,
,,,,,,,
,,,,,,,
,,,,,,,
,,,,,,,
,,,,,,,
,,,,,,,
,,,,,,,
,,,,,,,
,,,,,,,
,,,,,,,
,,,,,,,
,,,,,,,
,,,,,,,
,,,,,,,
,,,,,,,
,,,,,,,
,,,,,,,
,,,,,,,
,,,,,,,
,,,,,,,
,,,,,,,
,,,,,,,
,,,,,,,
,,,,,,,
,,,,,,,
,,,,,,,
,,,,,,,
,,,,,,,
,,,,,,,
,,,,,,,
,,,,,,,
,,,,,,,
,,,,,,,
,,,,,,,
,,,,,,,
,,,,,,,
,,,,,,,
,,,,,,,
,,,,,,,
,,,,,,,
,,,,,,,
,,,,,,,
,,,,,,,
,,,,,,,
,,,,,,,
,,,,,,,
,,,,,,,
,,,,,,,
,,,,,,,
,,,,,,,
,,,,,,,
,,,,,,,
,,,,,,,
,,,,,,,
,,,,,,,
,,,,,,,
,,,,,,,
,,,,,,,
,,,,,,,
,,,,,,,
,,,,,,,
,,,,,,,
,,,,,,,
,,,,,,,
,,,,,,,
,,,,,,,
,,,,,,,
,,,,,,,
,,,,,,,
,,,,,,,
,,,,,,,
,,,,,,,
,,,,,,,
,,,,,,,
,,,,,,,
,,,,,,,
,,,,,,,
,,,,,,,
,,,,,,,
,,,,,,,
,,,,,,,
,,,,,,,
,,,,,,,
,,,,,,,
,,,,,,,
,,,,,,,
,,,,,,,
,,,,,,,
,,,,,,,
,,,,,,,
,,,,,,,
,,,,,,,
,,,,,,,
,,,,,,,
,,,,,,,
,,,,,,,
,,,,,,,
,,,,,,,
,,,,,,,
,,,,,,,
,,,,,,,
,,,,,,,
,,,,,,,
,,,,,,,
,,,,,,,
,,,,,,,
,,,,,,,
,,,,,,,
,,,,,,,
,,,,,,,
,,,,,,,
,,,,,,,
,,,,,,,
,,,,,,,
,,,,,,,
,,,,,,,
,,,,,,,
,,,,,,,
,,,,,,,
,,,,,,,
,,,,,,,
,,,,,,,
,,,,,,,
,,,,,,,
,,,,,,,
,,,,,,,
,,,,,,,
,,,,,,,
,,,,,,,
,,,,,,,
,,,,,,,
,,,,,,,
,,,,,,,
,,,,,,,
,,,,,,,
,,,,,,,
,,,,,,,
,,,,,,,
,,,,,,,
,,,,,,,
,,,,,,,
,,,,,,,
,,,,,,,
,,,,,,,
,,,,,,,
,,,,,,,
,,,,,,,
,,,,,,,
,,,,,,,
,,,,,,,
,,,,,,,
,,,,,,,
,,,,,,,
,,,,,,,
,,,,,,,
,,,,,,,
,,,,,,,
,,,,,,,
,,,,,,,
,,,,,,,
,,,,,,,
,,,,,,,
,,,,,,,
,,,,,,,
,,,,,,,
,,,,,,,
,,,,,,,
,,,,,,,
,,,,,,,
,,,,,,,
,,,,,,,
,,,,,,,
,,,,,,,
,,,,,,,
,,,,,,,
,,,,,,,
,,,,,,,
,,,,,,,
,,,,,,,
,,,,,,,
,,,,,,,
,,,,,,,
,,,,,,,
,,,,,,,
,,,,,,,
,,,,,,,
,,,,,,,
,,,,,,,
,,,,,,,
,,,,,,,
,,,,,,,
,,,,,,,
,,,,,,,
,,,,,,,
,,,,,,,
,,,,,,,
,,,,,,,
,,,,,,,
,,,,,,,
,,,,,,,
,,,,,,,
,,,,,,,
,,,,,,,
,,,,,,,
,,,,,,,
,,,,,,,
,,,,,,,
,,,,,,,
,,,,,,,
,,,,,,,
,,,,,,,
,,,,,,,
,,,,,,,
,,,,,,,
,,,,,,,
,,,,,,,
,,,,,,,
,,,,,,,
,,,,,,,
,,,,,,,
,,,,,,,
,,,,,,,
,,,,,,,
,,,,,,,
,,,,,,,
,,,,,,,
,,,,,,,
,,,,,,,
,,,,,,,
,,,,,,,
,,,,,,,
,,,,,,,
,,,,,,,
,,,,,,,
,,,,,,,
,,,,,,,
,,,,,,,
,,,,,,,
,,,,,,,
,,,,,,,
,,,,,,,
,,,,,,,
,,,,,,,
,,,,,,,
,,,,,,,
,,,,,,,
,,,,,,,
,,,,,,,
,,,,,,,
,,,,,,,
,,,,,,,
,,,,,,,
,,,,,,,
,,,,,,,
,,,,,,,
,,,,,,,
,,,,,,,
,,,,,,,
,,,,,,,
,,,,,,,
,,,,,,,
,,,,,,,
,,,,,,,
,,,,,,,
,,,,,,,
,,,,,,,
,,,,,,,
,,,,,,,
,,,,,,,
,,,,,,,
,,,,,,,
,,,,,,,
,,,,,,,
,,,,,,,
,,,,,,,
,,,,,,,
,,,,,,,
,,,,,,,
,,,,,,,
,,,,,,,
,,,,,,,
,,,,,,,
,,,,,,,
,,,,,,,
,,,,,,,
,,,,,,,
,,,,,,,
,,,,,,,
,,,,,,,
,,,,,,,
,,,,,,,
,,,,,,,
,,,,,,,
,,,,,,,
,,,,,,,
,,,,,,,
,,,,,,,
,,,,,,,
,,,,,,,
,,,,,,,
,,,,,,,
,,,,,,,
,,,,,,,
,,,,,,,
,,,,,,,
,,,,,,,
,,,,,,,
,,,,,,,
,,,,,,,
,,,,,,,
,,,,,,,
,,,,,,,
,,,,,,,
,,,,,,,
,,,,,,,
,,,,,,,
,,,,,,,
,,,,,,,
,,,,,,,
,,,,,,,
,,,,,,,
,,,,,,,
,,,,,,,
,,,,,,,
,,,,,,,
,,,,,,,
,,,,,,,
,,,,,,,
,,,,,,,
,,,,,,,
,,,,,,,
,,,,,,,
,,,,,,,
,,,,,,,
,,,,,,,
,,,,,,,
,,,,,,,
,,,,,,,
,,,,,,,
,,,,,,,
,,,,,,,
,,,,,,,
,,,,,,,
,,,,,,,
,,,,,,,
,,,,,,,
,,,,,,,
,,,,,,,
,,,,,,,
,,,,,,,
,,,,,,,
,,,,,,,
,,,,,,,
,,,,,,,
,,,,,,,
,,,,,,,
,,,,,,,
,,,,,,,
,,,,,,,
,,,,,,,
,,,,,,,
,,,,,,,
,,,,,,,
,,,,,,,
,,,,,,,
,,,,,,,
,,,,,,,
,,,,,,,
,,,,,,,
,,,,,,,
,,,,,,,
,,,,,,,
,,,,,,,
,,,,,,,
,,,,,,,
,,,,,,,
,,,,,,,
,,,,,,,
,,,,,,,
,,,,,,,
,,,,,,,
,,,,,,,
,,,,,,,
,,,,,,,
,,,,,,,
,,,,,,,
,,,,,,,
,,,,,,,
,,,,,,,
,,,,,,,
,,,,,,,
,,,,,,,
,,,,,,,
,,,,,,,
,,,,,,,
,,,,,,,
,,,,,,,
,,,,,,,
,,,,,,,
,,,,,,,
,,,,,,,
,,,,,,,
,,,,,,,
,,,,,,,
,,,,,,,
,,,,,,,
,,,,,,,
,,,,,,,
,,,,,,,
,,,,,,,
,,,,,,,
,,,,,,,
,,,,,,,
,,,,,,,
,,,,,,,
,,,,,,,
,,,,,,,
,,,,,,,
,,,,,,,
,,,,,,,
,,,,,,,
,,,,,,,
,,,,,,,
,,,,,,,
,,,,,,,
,,,,,,,
,,,,,,,
,,,,,,,
,,,,,,,
,,,,,,,
,,,,,,,
,,,,,,,
,,,,,,,
,,,,,,,
,,,,,,,
,,,,,,,
,,,,,,,
,,,,,,,
,,,,,,,
,,,,,,,
,,,,,,,
,,,,,,,
,,,,,,,
,,,,,,,
,,,,,,,
,,,,,,,
,,,,,,,
,,,,,,,
,,,,,,,
,,,,,,,
,,,,,,,
,,,,,,,
,,,,,,,
,,,,,,,
,,,,,,,
,,,,,,,
,,,,,,,
,,,,,,,
,,,,,,,
,,,,,,,
,,,,,,,
,,,,,,,
,,,,,,,
,,,,,,,
,,,,,,,
,,,,,,,
,,,,,,,
,,,,,,,
,,,,,,,
,,,,,,,
,,,,,,,
,,,,,,,
,,,,,,,
,,,,,,,
,,,,,,,
,,,,,,,
,,,,,,,
,,,,,,,
,,,,,,,
,,,,,,,
,,,,,,,
,,,,,,,
,,,,,,,
,,,,,,,
,,,,,,,
,,,,,,,
,,,,,,,
,,,,,,,
,,,,,,,
,,,,,,,
,,,,,,,
,,,,,,,
,,,,,,,
,,,,,,,
,,,,,,,
,,,,,,,
,,,,,,,
,,,,,,,
,,,,,,,
,,,,,,,
,,,,,,,
,,,,,,,
,,,,,,,
,,,,,,,
,,,,,,,
,,,,,,,
,,,,,,,
,,,,,,,
,,,,,,,
,,,,,,,
,,,,,,,
,,,,,,,
,,,,,,,
,,,,,,,
,,,,,,,
,,,,,,,
,,,,,,,
,,,,,,,
,,,,,,,
,,,,,,,
,,,,,,,
,,,,,,,
,,,,,,,
,,,,,,,
,,,,,,,
,,,,,,,
,,,,,,,
,,,,,,,
,,,,,,,
,,,,,,,
,,,,,,,
,,,,,,,
,,,,,,,
,,,,,,,
,,,,,,,
,,,,,,,
,,,,,,,
,,,,,,,
,,,,,,,
,,,,,,,
,,,,,,,
,,,,,,,
,,,,,,,
,,,,,,,
,,,,,,,
,,,,,,,
,,,,,,,
,,,,,,,
,,,,,,,
,,,,,,,
,,,,,,,
,,,,,,,
,,,,,,,
,,,,,,,
,,,,,,,
,,,,,,,
,,,,,,,
,,,,,,,
,,,,,,,
,,,,,,,
,,,,,,,
,,,,,,,
,,,,,,,
,,,,,,,
,,,,,,,
,,,,,,,
,,,,,,,
,,,,,,,
,,,,,,,
,,,,,,,
,,,,,,,
,,,,,,,
,,,,,,,
,,,,,,,
,,,,,,,
,,,,,,,
,,,,,,,
,,,,,,,
,,,,,,,
,,,,,,,
,,,,,,,
,,,,,,,
,,,,,,,
,,,,,,,
,,,,,,,
,,,,,,,
,,,,,,,
,,,,,,,
,,,,,,,
,,,,,,,
,,,,,,,
,,,,,,,
,,,,,,,
,,,,,,,
,,,,,,,
,,,,,,,
,,,,,,,
,,,,,,,
,,,,,,,
,,,,,,,
,,,,,,,
,,,,,,,
,,,,,,,
,,,,,,,
,,,,,,,
,,,,,,,
,,,,,,,
,,,,,,,
,,,,,,,
,,,,,,,
,,,,,,,
,,,,,,,
,,,,,,,
,,,,,,,
,,,,,,,
,,,,,,,
,,,,,,,
,,,,,,,
,,,,,,,
,,,,,,,
,,,,,,,
,,,,,,,
,,,,,,,
,,,,,,,
,,,,,,,
,,,,,,,
,,,,,,,
,,,,,,,
,,,,,,,
,,,,,,,
,,,,,,,
,,,,,,,
,,,,,,,
,,,,,,,
,,,,,,,
,,,,,,,
,,,,,,,
,,,,,,,
,,,,,,,
,,,,,,,
,,,,,,,
,,,,,,,
,,,,,,,
,,,,,,,
,,,,,,,
,,,,,,,
,,,,,,,
,,,,,,,
,,,,,,,
,,,,,,,
,,,,,,,
,,,,,,,
,,,,,,,
,,,,,,,
,,,,,,,
,,,,,,,
,,,,,,,
,,,,,,,
,,,,,,,
,,,,,,,
,,,,,,,
,,,,,,,
,,,,,,,
,,,,,,,
,,,,,,,
,,,,,,,
,,,,,,,
,,,,,,,
,,,,,,,
,,,,,,,
,,,,,,,
,,,,,,,
,,,,,,,
,,,,,,,
,,,,,,,
,,,,,,,
,,,,,,,
,,,,,,,
,,,,,,,
,,,,,,,
,,,,,,,
,,,,,,,
,,,,,,,
,,,,,,,
,,,,,,,
,,,,,,,
,,,,,,,
,,,,,,,
,,,,,,,
,,,,,,,
,,,,,,,
,,,,,,,
,,,,,,,
,,,,,,,
,,,,,,,
,,,,,,,
,,,,,,,
,,,,,,,
,,,,,,,
,,,,,,,
,,,,,,,
,,,,,,,
,,,,,,,
,,,,,,,
,,,,,,,
,,,,,,,
,,,,,,,
,,,,,,,
,,,,,,,
,,,,,,,
,,,,,,,
,,,,,,,
,,,,,,,
,,,,,,,
,,,,,,,
,,,,,,,
,,,,,,,
,,,,,,,
,,,,,,,
,,,,,,,
,,,,,,,
,,,,,,,
,,,,,,,
,,,,,,,
,,,,,,,
,,,,,,,
,,,,,,,
,,,,,,,
,,,,,,,
,,,,,,,
,,,,,,,
,,,,,,,
,,,,,,,
,,,,,,,
,,,,,,,
,,,,,,,
,,,,,,,
,,,,,,,
,,,,,,,
,,,,,,,
,,,,,,,
,,,,,,,
,,,,,,,
,,,,,,,
,,,,,,,
,,,,,,,
,,,,,,,
,,,,,,,
,,,,,,,
,,,,,,,
,,,,,,,
,,,,,,,
,,,,,,,
,,,,,,,
,,,,,,,
,,,,,,,
,,,,,,,
,,,,,,,
,,,,,,,
,,,,,,,
,,,,,,,
,,,,,,,
,,,,,,,
,,,,,,,
,,,,,,,
,,,,,,,
,,,,,,,
,,,,,,,
,,,,,,,
,,,,,,,
,,,,,,,
,,,,,,,
,,,,,,,
,,,,,,,
,,,,,,,
,,,,,,,
,,,,,,,
,,,,,,,
,,,,,,,
,,,,,,,
,,,,,,,
,,,,,,,
,,,,,,,
,,,,,,,
,,,,,,,
,,,,,,,
,,,,,,,
,,,,,,,
,,,,,,,
,,,,,,,
,,,,,,,
,,,,,,,
,,,,,,,
,,,,,,,
,,,,,,,
,,,,,,,
,,,,,,,
,,,,,,,
,,,,,,,
,,,,,,,
,,,,,,,
,,,,,,,
,,,,,,,
,,,,,,,
,,,,,,,
,,,,,,,
,,,,,,,
,,,,,,,
,,,,,,,
,,,,,,,
,,,,,,,
,,,,,,,
,,,,,,,
,,,,,,,
,,,,,,,
,,,,,,,
,,,,,,,
,,,,,,,
,,,,,,,
,,,,,,,
,,,,,,,
,,,,,,,
,,,,,,,
,,,,,,,
,,,,,,,
,,,,,,,
,,,,,,,
,,,,,,,
,,,,,,,
,,,,,,,
,,,,,,,
,,,,,,,
,,,,,,,
,,,,,,,
,,,,,,,
,,,,,,,
,,,,,,,
,,,,,,,
,,,,,,,
,,,,,,,
,,,,,,,
,,,,,,,
,,,,,,,
,,,,,,,
,,,,,,,
,,,,,,,
,,,,,,,
,,,,,,,
,,,,,,,
,,,,,,,
,,,,,,,
,,,,,,,
,,,,,,,
,,,,,,,
,,,,,,,
,,,,,,,
,,,,,,,
,,,,,,,
,,,,,,,
,,,,,,,
,,,,,,,
,,,,,,,
,,,,,,,
,,,,,,,
,,,,,,,
,,,,,,,
,,,,,,,
,,,,,,,
,,,,,,,
,,,,,,,
,,,,,,,
,,,,,,,
,,,,,,,
,,,,,,,
,,,,,,,
,,,,,,,
,,,,,,,
,,,,,,,
,,,,,,,
,,,,,,,
,,,,,,,
,,,,,,,
,,,,,,,
,,,,,,,
,,,,,,,
,,,,,,,
,,,,,,,
,,,,,,,
,,,,,,,
,,,,,,,
,,,,,,,
,,,,,,,
,,,,,,,
,,,,,,,
,,,,,,,
,,,,,,,
,,,,,,,
,,,,,,,
,,,,,,,
,,,,,,,
,,,,,,,
,,,,,,,
,,,,,,,
,,,,,,,
,,,,,,,
,,,,,,,
,,,,,,,
,,,,,,,
,,,,,,,
,,,,,,,
,,,,,,,
,,,,,,,
,,,,,,,
,,,,,,,
,,,,,,,
,,,,,,,
,,,,,,,
,,,,,,,
,,,,,,,
,,,,,,,
,,,,,,,
,,,,,,,
,,,,,,,
,,,,,,,
,,,,,,,
,,,,,,,
,,,,,,,
,,,,,,,
,,,,,,,
,,,,,,,
,,,,,,,
,,,,,,,
,,,,,,,
,,,,,,,
,,,,,,,
,,,,,,,
,,,,,,,
,,,,,,,
,,,,,,,
,,,,,,,
,,,,,,,
,,,,,,,
,,,,,,,
,,,,,,,
,,,,,,,
,,,,,,,
,,,,,,,
,,,,,,,
,,,,,,,
,,,,,,,
,,,,,,,
,,,,,,,
,,,,,,,
,,,,,,,
,,,,,,,
,,,,,,,
,,,,,,,
,,,,,,,
,,,,,,,
,,,,,,,
,,,,,,,
,,,,,,,
,,,,,,,
,,,,,,,
,,,,,,,
,,,,,,,
,,,,,,,
,,,,,,,
,,,,,,,
,,,,,,,
,,,,,,,
,,,,,,,
,,,,,,,
,,,,,,,
,,,,,,,
,,,,,,,
,,,,,,,
,,,,,,,
,,,,,,,
,,,,,,,
,,,,,,,
,,,,,,,
,,,,,,,
,,,,,,,
,,,,,,,
,,,,,,,
,,,,,,,
,,,,,,,
,,,,,,,
,,,,,,,
,,,,,,,
,,,,,,,
,,,,,,,
,,,,,,,
,,,,,,,
,,,,,,,
,,,,,,,
,,,,,,,
,,,,,,,
,,,,,,,
,,,,,,,
,,,,,,,
,,,,,,,
,,,,,,,
,,,,,,,
,,,,,,,
,,,,,,,
,,,,,,,
,,,,,,,
,,,,,,,
,,,,,,,
,,,,,,,
,,,,,,,
,,,,,,,
,,,,,,,
,,,,,,,
,,,,,,,
,,,,,,,
,,,,,,,
,,,,,,,
,,,,,,,
,,,,,,,
,,,,,,,
,,,,,,,
,,,,,,,
,,,,,,,
,,,,,,,
,,,,,,,
,,,,,,,
,,,,,,,
,,,,,,,
,,,,,,,
,,,,,,,
,,,,,,,
,,,,,,,
,,,,,,,
,,,,,,,
,,,,,,,
,,,,,,,
,,,,,,,
,,,,,,,
,,,,,,,
,,,,,,,
,,,,,,,
,,,,,,,
,,,,,,,
,,,,,,,
,,,,,,,
,,,,,,,
,,,,,,,
,,,,,,,
,,,,,,,
,,,,,,,
,,,,,,,
,,,,,,,
,,,,,,,
,,,,,,,
,,,,,,,
,,,,,,,
,,,,,,,
,,,,,,,
,,,,,,,
,,,,,,,
,,,,,,,
,,,,,,,
,,,,,,,
,,,,,,,
,,,,,,,
,,,,,,,
,,,,,,,
,,,,,,,
,,,,,,,
,,,,,,,
,,,,,,,
,,,,,,,
,,,,,,,
,,,,,,,
,,,,,,,
,,,,,,,
,,,,,,,
,,,,,,,
,,,,,,,
,,,,,,,
,,,,,,,
,,,,,,,
,,,,,,,
,,,,,,,
,,,,,,,
,,,,,,,
,,,,,,,
,,,,,,,
,,,,,,,
,,,,,,,
,,,,,,,
,,,,,,,
,,,,,,,
,,,,,,,
,,,,,,,
,,,,,,,
,,,,,,,
,,,,,,,
,,,,,,,
,,,,,,,
,,,,,,,
,,,,,,,
,,,,,,,
,,,,,,,
,,,,,,,
,,,,,,,
,,,,,,,
,,,,,,,
,,,,,,,
,,,,,,,
,,,,,,,
,,,,,,,
,,,,,,,
,,,,,,,
,,,,,,,
,,,,,,,
,,,,,,,
,,,,,,,
,,,,,,,
,,,,,,,
,,,,,,,
,,,,,,,
,,,,,,,
,,,,,,,
,,,,,,,
,,,,,,,
,,,,,,,
,,,,,,,
,,,,,,,
,,,,,,,
,,,,,,,
,,,,,,,
,,,,,,,
,,,,,,,
,,,,,,,
,,,,,,,
,,,,,,,
,,,,,,,
,,,,,,,
,,,,,,,
,,,,,,,
,,,,,,,
,,,,,,,
,,,,,,,
,,,,,,,
,,,,,,,
,,,,,,,
,,,,,,,
,,,,,,,
,,,,,,,
,,,,,,,
,,,,,,,
,,,,,,,
,,,,,,,
,,,,,,,
,,,,,,,
,,,,,,,
,,,,,,,
,,,,,,,
,,,,,,,
,,,,,,,
,,,,,,,
,,,,,,,
,,,,,,,
,,,,,,,
,,,,,,,
,,,,,,,
,,,,,,,
,,,,,,,
,,,,,,,
,,,,,,,
,,,,,,,
,,,,,,,
,,,,,,,
,,,,,,,
,,,,,,,
,,,,,,,
,,,,,,,
,,,,,,,
,,,,,,,
,,,,,,,
,,,,,,,
,,,,,,,
,,,,,,,
,,,,,,,
,,,,,,,
,,,,,,,
,,,,,,,
,,,,,,,
,,,,,,,
,,,,,,,
,,,,,,,
,,,,,,,
,,,,,,,
,,,,,,,
,,,,,,,
,,,,,,,
,,,,,,,
,,,,,,,
,,,,,,,
,,,,,,,
,,,,,,,
,,,,,,,
,,,,,,,
,,,,,,,
,,,,,,,
,,,,,,,
,,,,,,,
,,,,,,,
,,,,,,,
,,,,,,,
,,,,,,,
,,,,,,,
,,,,,,,
,,,,,,,
,,,,,,,
,,,,,,,
,,,,,,,
,,,,,,,
,,,,,,,
,,,,,,,
,,,,,,,
,,,,,,,
,,,,,,,
,,,,,,,
,,,,,,,
,,,,,,,
,,,,,,,
,,,,,,,
,,,,,,,
,,,,,,,
,,,,,,,
,,,,,,,
,,,,,,,
,,,,,,,
,,,,,,,
,,,,,,,
,,,,,,,
,,,,,,,
,,,,,,,
,,,,,,,
,,,,,,,
,,,,,,,
,,,,,,,
,,,,,,,
,,,,,,,
,,,,,,,
,,,,,,,
,,,,,,,
,,,,,,,
,,,,,,,
,,,,,,,
,,,,,,,
,,,,,,,
,,,,,,,
,,,,,,,
,,,,,,,
,,,,,,,
,,,,,,,
,,,,,,,
,,,,,,,
,,,,,,,
,,,,,,,
,,,,,,,
,,,,,,,
,,,,,,,
,,,,,,,
,,,,,,,
,,,,,,,
,,,,,,,
,,,,,,,
,,,,,,,
,,,,,,,
,,,,,,,
,,,,,,,
,,,,,,,
,,,,,,,
,,,,,,,
,,,,,,,
,,,,,,,
,,,,,,,
,,,,,,,
,,,,,,,
,,,,,,,
,,,,,,,
,,,,,,,
,,,,,,,
,,,,,,,
,,,,,,,
,,,,,,,
,,,,,,,
,,,,,,,
,,,,,,,
,,,,,,,
,,,,,,,
,,,,,,,
,,,,,,,
,,,,,,,
,,,,,,,
,,,,,,,
,,,,,,,
,,,,,,,
,,,,,,,
,,,,,,,
,,,,,,,
,,,,,,,
,,,,,,,
,,,,,,,
,,,,,,,
,,,,,,,
,,,,,,,
,,,,,,,
,,,,,,,
,,,,,,,
,,,,,,,
,,,,,,,
,,,,,,,
,,,,,,,
,,,,,,,
,,,,,,,
,,,,,,,
,,,,,,,
,,,,,,,
,,,,,,,
,,,,,,,
,,,,,,,
,,,,,,,
,,,,,,,
,,,,,,,
,,,,,,,
,,,,,,,
,,,,,,,
,,,,,,,
,,,,,,,
,,,,,,,
,,,,,,,
,,,,,,,
,,,,,,,
,,,,,,,
,,,,,,,
,,,,,,,
,,,,,,,
,,,,,,,
,,,,,,,
,,,,,,,
,,,,,,,
,,,,,,,
,,,,,,,
,,,,,,,
,,,,,,,
,,,,,,,
,,,,,,,
,,,,,,,
,,,,,,,
,,,,,,,
,,,,,,,
,,,,,,,
,,,,,,,
,,,,,,,
,,,,,,,
,,,,,,,
,,,,,,,
,,,,,,,
,,,,,,,
,,,,,,,
,,,,,,,
,,,,,,,
,,,,,,,
,,,,,,,
,,,,,,,
,,,,,,,
,,,,,,,
,,,,,,,
,,,,,,,
,,,,,,,
,,,,,,,
,,,,,,,
,,,,,,,
,,,,,,,
,,,,,,,
,,,,,,,
,,,,,,,
,,,,,,,
,,,,,,,
,,,,,,,
,,,,,,,
,,,,,,,
,,,,,,,
,,,,,,,
,,,,,,,
,,,,,,,
,,,,,,,
,,,,,,,
,,,,,,,
,,,,,,,
,,,,,,,
,,,,,,,
,,,,,,,
,,,,,,,
,,,,,,,
,,,,,,,
,,,,,,,
,,,,,,,
,,,,,,,
,,,,,,,
,,,,,,,
,,,,,,,
,,,,,,,
,,,,,,,
,,,,,,,
,,,,,,,
,,,,,,,
,,,,,,,
,,,,,,,
,,,,,,,
,,,,,,,
,,,,,,,
,,,,,,,
,,,,,,,
,,,,,,,
,,,,,,,
,,,,,,,
,,,,,,,
,,,,,,,
,,,,,,,
,,,,,,,
,,,,,,,
,,,,,,,
,,,,,,,
,,,,,,,
,,,,,,,
,,,,,,,
,,,,,,,
,,,,,,,
,,,,,,,
,,,,,,,
,,,,,,,
,,,,,,,
,,,,,,,
,,,,,,,
,,,,,,,
,,,,,,,
,,,,,,,
,,,,,,,
,,,,,,,
,,,,,,,
,,,,,,,
,,,,,,,
,,,,,,,
,,,,,,,
,,,,,,,
,,,,,,,
,,,,,,,
,,,,,,,
,,,,,,,
,,,,,,,
,,,,,,,
,,,,,,,
,,,,,,,
,,,,,,,
,,,,,,,
,,,,,,,
,,,,,,,
,,,,,,,
,,,,,,,
,,,,,,,
,,,,,,,
,,,,,,,
,,,,,,,
,,,,,,,
,,,,,,,
,,,,,,,
,,,,,,,
,,,,,,,
,,,,,,,
,,,,,,,
,,,,,,,
,,,,,,,
,,,,,,,
,,,,,,,
,,,,,,,
,,,,,,,
,,,,,,,
,,,,,,,
,,,,,,,
,,,,,,,
,,,,,,,
,,,,,,,
,,,,,,,
,,,,,,,
,,,,,,,
,,,,,,,
,,,,,,,
,,,,,,,
,,,,,,,
,,,,,,,
,,,,,,,
,,,,,,,
,,,,,,,
,,,,,,,
,,,,,,,
,,,,,,,
,,,,,,,
,,,,,,,
,,,,,,,
,,,,,,,
,,,,,,,
,,,,,,,
,,,,,,,
,,,,,,,
,,,,,,,
,,,,,,,
,,,,,,,
,,,,,,,
,,,,,,,
,,,,,,,
,,,,,,,
,,,,,,,
,,,,,,,
,,,,,,,
,,,,,,,
,,,,,,,
,,,,,,,
,,,,,,,
,,,,,,,
,,,,,,,
,,,,,,,
,,,,,,,
,,,,,,,
,,,,,,,
,,,,,,,
,,,,,,,
,,,,,,,
,,,,,,,
,,,,,,,
,,,,,,,
,,,,,,,
,,,,,,,
,,,,,,,
,,,,,,,
,,,,,,,
,,,,,,,
,,,,,,,
,,,,,,,
,,,,,,,
,,,,,,,
,,,,,,,
,,,,,,,
,,,,,,,
,,,,,,,
,,,,,,,
,,,,,,,
,,,,,,,
,,,,,,,
,,,,,,,
,,,,,,,
,,,,,,,
,,,,,,,
,,,,,,,
,,,,,,,
,,,,,,,
,,,,,,,
,,,,,,,
,,,,,,,
,,,,,,,
,,,,,,,
,,,,,,,
,,,,,,,
,,,,,,,
,,,,,,,
,,,,,,,
,,,,,,,
,,,,,,,
,,,,,,,
,,,,,,,
,,,,,,,
,,,,,,,
,,,,,,,
,,,,,,,
,,,,,,,
,,,,,,,
,,,,,,,
,,,,,,,
,,,,,,,
,,,,,,,
,,,,,,,
,,,,,,,
,,,,,,,
,,,,,,,
,,,,,,,
,,,,,,,
,,,,,,,
,,,,,,,
,,,,,,,
,,,,,,,
,,,,,,,
,,,,,,,
,,,,,,,
,,,,,,,
,,,,,,,
,,,,,,,
,,,,,,,
,,,,,,,
,,,,,,,
,,,,,,,
,,,,,,,
,,,,,,,
,,,,,,,
,,,,,,,
,,,,,,,
,,,,,,,
,,,,,,,
,,,,,,,
,,,,,,,
,,,,,,,
,,,,,,,
,,,,,,,
,,,,,,,
,,,,,,,
,,,,,,,
,,,,,,,
,,,,,,,
,,,,,,,
,,,,,,,
,,,,,,,
,,,,,,,
,,,,,,,
,,,,,,,
,,,,,,,
,,,,,,,
,,,,,,,
,,,,,,,
,,,,,,,
,,,,,,,
,,,,,,,
,,,,,,,
,,,,,,,
,,,,,,,
,,,,,,,
,,,,,,,
,,,,,,,
,,,,,,,
"499260,Danae,Honglei,1965-01-11,1998-09-14,9999-01-01,Engineer",,,,,,,
"499495,Baoqiu,Kakkar,1965-01-14,1999-08-30,9999-01-01,Engineer",,,,,,,